Workbook

Sheet products
A1: sku | B1: product_name | C1: category | D1: base_unit | E1: specification | F1: unit_cost_cny | G1: safety_stock_qty | H1: expiry_warning_days | I1: storage_zone | J1: storage_note | K1: unit_weight_kg
A2: SKU001 | B2: 茉莉绿茶 | C2: 茶叶 | D2: 袋 | E2: 500g/袋 | F2: 79.76 | G2: 25 | H2: 30 | I2: DRY_FOOD | J2: 模拟未开封常温干燥储存；实际以标签和企业SOP为准 | K2: 0.5
A3: SKU002 | B3: 红茶 | C3: 茶叶 | D3: 袋 | E3: 500g/袋 | F3: 78.48 | G3: 25 | H3: 30 | I3: DRY_FOOD | J3: 模拟未开封常温干燥储存；实际以标签和企业SOP为准 | K3: 0.5
A4: SKU003 | B4: 乌龙茶 | C4: 茶叶 | D4: 袋 | E4: 500g/袋 | F4: 41.99 | G4: 25 | H4: 30 | I4: DRY_FOOD | J4: 模拟未开封常温干燥储存；实际以标签和企业SOP为准 | K4: 0.5
A5: SKU004 | B5: 四季春茶 | C5: 茶叶 | D5: 袋 | E5: 500g/袋 | F5: 70.39 | G5: 25 | H5: 30 | I5: DRY_FOOD | J5: 模拟未开封常温干燥储存；实际以标签和企业SOP为准 | K5: 0.5
A6: SKU005 | B6: 桂花乌龙 | C6: 茶叶 | D6: 袋 | E6: 500g/袋 | F6: 56.61 | G6: 25 | H6: 30 | I6: DRY_FOOD | J6: 模拟未开封常温干燥储存；实际以标签和企业SOP为准 | K6: 0.5
A7: SKU006 | B7: 焙火乌龙 | C7: 茶叶 | D7: 袋 | E7: 500g/袋 | F7: 30.07 | G7: 25 | H7: 30 | I7: DRY_FOOD | J7: 模拟未开封常温干燥储存；实际以标签和企业SOP为准 | K7: 0.5
A8: SKU007 | B8: 白桃乌龙 | C8: 茶叶 | D8: 袋 | E8: 500g/袋 | F8: 30.79 | G8: 25 | H8: 30 | I8: DRY_FOOD | J8: 模拟未开封常温干燥储存；实际以标签和企业SOP为准 | K8: 0.5
A9: SKU008 | B9: 普洱茶 | C9: 茶叶 | D9: 袋 | E9: 500g/袋 | F9: 72.54 | G9: 25 | H9: 30 | I9: DRY_FOOD | J9: 模拟未开封常温干燥储存；实际以标签和企业SOP为准 | K9: 0.5
A10: SKU009 | B10: 龙井茶 | C10: 茶叶 | D10: 袋 | E10: 500g/袋 | F10: 21.12 | G10: 25 | H10: 30 | I10: DRY_FOOD | J10: 模拟未开封常温干燥储存；实际以标签和企业SOP为准 | K10: 0.5
A11: SKU010 | B11: 栀子绿茶 | C11: 茶叶 | D11: 袋 | E11: 500g/袋 | F11: 29.05 | G11: 25 | H11: 30 | I11: DRY_FOOD | J11: 模拟未开封常温干燥储存；实际以标签和企业SOP为准 | K11: 0.5
A12: SKU011 | B12: 原味糖浆 | C12: 液体原料 | D12: 瓶 | E12: 1L/瓶 | F12: 24.06 | G12: 25 | H12: 30 | I12: DRY_FOOD | J12: 模拟未开封常温干燥储存；实际以标签和企业SOP为准 | K12: 1
A13: SKU012 | B13: 黑糖糖浆 | C13: 液体原料 | D13: 瓶 | E13: 1L/瓶 | F13: 77.96 | G13: 25 | H13: 30 | I13: DRY_FOOD | J13: 模拟未开封常温干燥储存；实际以标签和企业SOP为准 | K13: 1
... A31: SKU030 | B31: 纸巾 | C31: 包材 | D31: 包 | E31: 100张/包 | F31: 27.65 | G31: 40 | H31: 60 | I31: PACKAGING | J31: 模拟未开封常温干燥储存；实际以标签和企业SOP为准 | K31: 0.3

Sheet batches
A1: batch_id | B1: sku | C1: location_id | D1: production_date | E1: expiry_date | F1: available_from | G1: quality_status
A2: B0001 | B2: SKU001 | C2: L001 | D2: 46172 | E2: 46282 | F2: 46182 | G2: RELEASED
A3: B0002 | B3: SKU002 | C3: L002 | D3: 46172 | E3: 46252 | F3: 46182 | G3: RELEASED
A4: B0003 | B4: SKU003 | C4: L003 | D4: 46172 | E4: 46252 | F4: 46182 | G4: RELEASED
A5: B0004 | B5: SKU004 | C5: L004 | D5: 46172 | E5: 46282 | F5: 46182 | G5: RELEASED
A6: B0005 | B6: SKU005 | C6: L005 | D6: 46172 | E6: 46227 | F6: 46182 | G6: RELEASED
A7: B0006 | B7: SKU006 | C7: L006 | D7: 46172 | E7: 46362 | F7: 46182 | G7: RELEASED
A8: B0007 | B8: SKU007 | C8: L007 | D8: 46172 | E8: 46282 | F8: 46182 | G8: RELEASED
A9: B0008 | B9: SKU008 | C9: L008 | D9: 46172 | E9: 46227 | F9: 46182 | G9: RELEASED
A10: B0009 | B10: SKU009 | C10: L009 | D10: 46172 | E10: 46282 | F10: 46182 | G10: RELEASED
A11: B0010 | B11: SKU010 | C11: L010 | D11: 46172 | E11: 46242 | F11: 46182 | G11: RELEASED
A12: B0011 | B12: SKU011 | C12: L011 | D12: 46172 | E12: 46362 | F12: 46182 | G12: RELEASED
A13: B0012 | B13: SKU012 | C13: L012 | D13: 46172 | E13: 46252 | F13: 46182 | G13: RELEASED
... A225: B0224 | B225: SKU028 | C225: L028 | D225: 46256 | E225: 46631 | F225: 46266 | G225: RELEASED

Sheet movements
A1: movement_id | B1: document_id | C1: event_time | D1: movement_type | E1: sku | F1: batch_id | G1: location_id | H1: quantity | I1: order_line_id | J1: receipt_id
A2: M000001 | B2: D000001 | C2: 46182 | D2: OPENING | E2: SKU001 | F2: B0001 | G2: L001 | H2: 80
A3: M000002 | B3: D000002 | C3: 46182 | D3: OPENING | E3: SKU002 | F3: B0002 | G3: L002 | H3: 80
A4: M000003 | B4: D000003 | C4: 46182 | D4: OPENING | E4: SKU003 | F4: B0003 | G4: L003 | H4: 80
A5: M000004 | B5: D000004 | C5: 46182 | D5: OPENING | E5: SKU004 | F5: B0004 | G5: L004 | H5: 80
A6: M000005 | B6: D000005 | C6: 46182 | D6: OPENING | E6: SKU005 | F6: B0005 | G6: L005 | H6: 80
A7: M000006 | B7: D000006 | C7: 46182 | D7: OPENING | E7: SKU006 | F7: B0006 | G7: L006 | H7: 80
A8: M000007 | B8: D000007 | C8: 46182 | D8: OPENING | E8: SKU007 | F8: B0007 | G8: L007 | H8: 80
A9: M000008 | B9: D000008 | C9: 46182 | D9: OPENING | E9: SKU008 | F9: B0008 | G9: L008 | H9: 80
A10: M000009 | B10: D000009 | C10: 46182 | D10: OPENING | E10: SKU009 | F10: B0009 | G10: L009 | H10: 80
A11: M000010 | B11: D000010 | C11: 46182 | D11: OPENING | E11: SKU010 | F11: B0010 | G11: L010 | H11: 80
A12: M000011 | B12: D000011 | C12: 46182 | D12: OPENING | E12: SKU011 | F12: B0011 | G12: L011 | H12: 80
A13: M000012 | B13: D000012 | C13: 46182 | D13: OPENING | E13: SKU012 | F13: B0012 | G13: L012 | H13: 80
... A31: M000030 | B31: D000030 | C31: 46182 | D31: OPENING | E31: SKU030 | F31: B0030 | G31: L030 | H31: 240
A32: M000031 | B32: D000031 | C32: 46182.583 | D32: ISSUE | E32: SKU002 | F32: B0002 | G32: L002 | H32: 1 | I32: O00001
A33: M000032 | B33: D000032 | C33: 46182.583 | D33: ISSUE | E33: SKU004 | F33: B0004 | G33: L004 | H33: 1 | I33: O00002
A34: M000033 | B34: D000033 | C34: 46182.583 | D34: ISSUE | E34: SKU017 | F34: B0017 | G34: L017 | H34: 2 | I34: O00003
A35: M000034 | B35: D000034 | C35: 46182.583 | D35: ISSUE | E35: SKU022 | F35: B0022 | G35: L022 | H35: 1 | I35: O00004
A36: M000035 | B36: D000035 | C36: 46182.583 | D36: ISSUE | E36: SKU026 | F36: B0026 | G36: L026 | H36: 2 | I36: O00005
A37: M000036 | B37: D000036 | C37: 46182.583 | D37: ISSUE | E37: SKU001 | F37: B0001 | G37: L001 | H37: 3 | I37: O00006
A38: M000037 | B38: D000037 | C38: 46182.583 | D38: ISSUE | E38: SKU002 | F38: B0002 | G38: L002 | H38: 5 | I38: O00007
A39: M000038 | B39: D000038 | C39: 46182.583 | D39: ISSUE | E39: SKU003 | F39: B0003 | G39: L003 | H39: 4 | I39: O00008
A40: M000039 | B40: D000039 | C40: 46182.583 | D40: ISSUE | E40: SKU004 | F40: B0004 | G40: L004 | H40: 1 | I40: O00009
A41: M000040 | B41: D000040 | C41: 46182.583 | D41: ISSUE | E41: SKU005 | F41: B0005 | G41: L005 | H41: 3 | I41: O00010
A42: M000041 | B42: D000041 | C42: 46182.583 | D42: ISSUE | E42: SKU011 | F42: B0011 | G42: L011 | H42: 1 | I42: O00011
A43: M000042 | B43: D000042 | C43: 46182.583 | D43: ISSUE | E43: SKU024 | F43: B0024 | G43: L024 | H43: 1 | I43: O00012
... A362: M000361 | B362: D000361 | C362: 46188.583 | D362: ISSUE | E362: SKU028 | F362: B0028 | G362: L028 | H362: 2 | I362: O00334
A363: M000362 | B363: D000362 | C363: 46189.333 | D363: RECEIPT | E363: SKU001 | F363: B0031 | G363: L001 | H363: 80 | J363: R0001
A364: M000363 | B364: D000363 | C364: 46189.333 | D364: RECEIPT | E364: SKU002 | F364: B0032 | G364: L002 | H364: 81 | J364: R0002
A365: M000364 | B365: D000364 | C365: 46189.333 | D365: RECEIPT | E365: SKU003 | F365: B0033 | G365: L003 | H365: 67 | J365: R0003
A366: M000365 | B366: D000365 | C366: 46189.333 | D366: RECEIPT | E366: SKU004 | F366: B0034 | G366: L004 | H366: 68 | J366: R0004
A367: M000366 | B367: D000366 | C367: 46189.333 | D367: RECEIPT | E367: SKU005 | F367: B0035 | G367: L005 | H367: 99 | J367: R0005
A368: M000367 | B368: D000367 | C368: 46189.333 | D368: RECEIPT | E368: SKU006 | F368: B0036 | G368: L006 | H368: 78 | J368: R0006
A369: M000368 | B369: D000368 | C369: 46189.333 | D369: RECEIPT | E369: SKU007 | F369: B0037 | G369: L007 | H369: 99 | J369: R0007
A370: M000369 | B370: D000369 | C370: 46189.333 | D370: RECEIPT | E370: SKU008 | F370: B0038 | G370: L008 | H370: 92 | J370: R0008
A371: M000370 | B371: D000370 | C371: 46189.333 | D371: RECEIPT | E371: SKU009 | F371: B0039 | G371: L009 | H371: 76 | J371: R0009
A372: M000371 | B372: D000371 | C372: 46189.333 | D372: RECEIPT | E372: SKU010 | F372: B0040 | G372: L010 | H372: 86 | J372: R0010
A373: M000372 | B373: D000372 | C373: 46189.333 | D373: RECEIPT | E373: SKU011 | F373: B0041 | G373: L011 | H373: 80 | J373: R0011
A374: M000373 | B374: D000373 | C374: 46189.333 | D374: RECEIPT | E374: SKU012 | F374: B0042 | G374: L012 | H374: 60 | J374: R0012
... A390: M000389 | B390: D000389 | C390: 46189.333 | D390: RECEIPT | E390: SKU028 | F390: B0058 | G390: L028 | H390: 71 | J390: R0028
A391: M000390 | B391: D000390 | C391: 46189.583 | D391: ISSUE | E391: SKU002 | F391: B0002 | G391: L002 | H391: 2 | I391: O00335
A392: M000391 | B392: D000391 | C392: 46189.583 | D392: ISSUE | E392: SKU003 | F392: B0033 | G392: L003 | H392: 2 | I392: O00336
A393: M000392 | B393: D000392 | C393: 46189.583 | D393: ISSUE | E393: SKU005 | F393: B0005 | G393: L005 | H393: 2 | I393: O00337
A394: M000393 | B394: D000393 | C394: 46189.583 | D394: ISSUE | E394: SKU006 | F394: B0036 | G394: L006 | H394: 3 | I394: O00338
A395: M000394 | B395: D000394 | C395: 46189.583 | D395: ISSUE | E395: SKU007 | F395: B0037 | G395: L007 | H395: 4 | I395: O00339
A396: M000395 | B396: D000395 | C396: 46189.583 | D396: ISSUE | E396: SKU009 | F396: B0039 | G396: L009 | H396: 2 | I396: O00340
A397: M000396 | B397: D000396 | C397: 46189.583 | D397: ISSUE | E397: SKU011 | F397: B0041 | G397: L011 | H397: 2 | I397: O00341
A398: M000397 | B398: D000397 | C398: 46189.583 | D398: ISSUE | E398: SKU014 | F398: B0014 | G398: L014 | H398: 1 | I398: O00342
A399: M000398 | B399: D000398 | C399: 46189.583 | D399: ISSUE | E399: SKU016 | F399: B0016 | G399: L016 | H399: 4 | I399: O00343
A400: M000399 | B400: D000399 | C400: 46189.583 | D400: ISSUE | E400: SKU017 | F400: B0017 | G400: L017 | H400: 1 | I400: O00344
A401: M000400 | B401: D000400 | C401: 46189.583 | D401: ISSUE | E401: SKU020 | F401: B0020 | G401: L020 | H401: 4 | I401: O00345
A402: M000401 | B402: D000401 | C402: 46189.583 | D402: ISSUE | E402: SKU021 | F402: B0021 | G402: L021 | H402: 2 | I402: O00346
... A714: M000713 | B714: D000713 | C714: 46195.583 | D714: ISSUE | E714: SKU028 | F714: B0028 | G714: L028 | H714: 4 | I714: O00661
A715: M000714 | B715: D000714 | C715: 46196.333 | D715: RECEIPT | E715: SKU001 | F715: B0059 | G715: L001 | H715: 96 | J715: R0029
A716: M000715 | B716: D000715 | C716: 46196.333 | D716: RECEIPT | E716: SKU002 | F716: B0060 | G716: L002 | H716: 83 | J716: R0030
A717: M000716 | B717: D000716 | C717: 46196.333 | D717: RECEIPT | E717: SKU003 | F717: B0061 | G717: L003 | H717: 85 | J717: R0031
A718: M000717 | B718: D000717 | C718: 46196.333 | D718: RECEIPT | E718: SKU004 | F718: B0062 | G718: L004 | H718: 99 | J718: R0032
A719: M000718 | B719: D000718 | C719: 46196.333 | D719: RECEIPT | E719: SKU005 | F719: B0063 | G719: L005 | H719: 71 | J719: R0033
A720: M000719 | B720: D000719 | C720: 46196.333 | D720: RECEIPT | E720: SKU006 | F720: B0064 | G720: L006 | H720: 71 | J720: R0034
A721: M000720 | B721: D000720 | C721: 46196.333 | D721: RECEIPT | E721: SKU009 | F721: B0065 | G721: L009 | H721: 71 | J721: R0035
A722: M000721 | B722: D000721 | C722: 46196.333 | D722: RECEIPT | E722: SKU011 | F722: B0066 | G722: L011 | H722: 98 | J722: R0036
A723: M000722 | B723: D000722 | C723: 46196.333 | D723: RECEIPT | E723: SKU012 | F723: B0067 | G723: L012 | H723: 80 | J723: R0037
A724: M000723 | B724: D000723 | C724: 46196.333 | D724: RECEIPT | E724: SKU014 | F724: B0068 | G724: L014 | H724: 69 | J724: R0038
A725: M000724 | B725: D000724 | C725: 46196.333 | D725: RECEIPT | E725: SKU015 | F725: B0069 | G725: L015 | H725: 75 | J725: R0039
A726: M000725 | B726: D000725 | C726: 46196.333 | D726: RECEIPT | E726: SKU016 | F726: B0070 | G726: L016 | H726: 89 | J726: R0040
... A735: M000734 | B735: D000734 | C735: 46196.333 | D735: RECEIPT | E735: SKU028 | F735: B0079 | G735: L028 | H735: 91 | J735: R0049
A736: M000735 | B736: D000735 | C736: 46196.583 | D736: ISSUE | E736: SKU002 | F736: B0032 | G736: L002 | H736: 3 | I736: O00662
A737: M000736 | B737: D000736 | C737: 46196.583 | D737: ISSUE | E737: SKU004 | F737: B0062 | G737: L004 | H737: 2 | I737: O00663
A738: M000737 | B738: D000737 | C738: 46196.583 | D738: ISSUE | E738: SKU006 | F738: B0064 | G738: L006 | H738: 3 | I738: O00664
A739: M000738 | B739: D000738 | C739: 46196.583 | D739: ISSUE | E739: SKU007 | F739: B0037 | G739: L007 | H739: 1 | I739: O00665
A740: M000739 | B740: D000739 | C740: 46196.583 | D740: ISSUE | E740: SKU008 | F740: B0008 | G740: L008 | H740: 2 | I740: O00666
A741: M000740 | B741: D000740 | C741: 46196.583 | D741: ISSUE | E741: SKU011 | F741: B0041 | G741: L011 | H741: 4 | I741: O00667
A742: M000741 | B742: D000741 | C742: 46196.583 | D742: ISSUE | E742: SKU014 | F742: B0014 | G742: L014 | H742: 4 | I742: O00668
A743: M000742 | B743: D000742 | C743: 46196.583 | D743: ISSUE | E743: SKU016 | F743: B0046 | G743: L016 | H743: 2 | I743: O00669
A744: M000743 | B744: D000743 | C744: 46196.583 | D744: ISSUE | E744: SKU018 | F744: B0048 | G744: L018 | H744: 4 | I744: O00670
A745: M000744 | B745: D000744 | C745: 46196.583 | D745: ISSUE | E745: SKU023 | F745: B0023 | G745: L023 | H745: 2 | I745: O00671
A746: M000745 | B746: D000745 | C746: 46196.583 | D746: ISSUE | E746: SKU025 | F746: B0055 | G746: L025 | H746: 2 | I746: O00672
A747: M000746 | B747: D000746 | C747: 46196.583 | D747: ISSUE | E747: SKU001 | F747: B0031 | G747: L001 | H747: 5 | I747: O00673
... A1075: M001074 | B1075: D001074 | C1075: 46202.583 | D1075: ISSUE | E1075: SKU018 | F1075: B0048 | G1075: L018 | H1075: 3 | I1075: O00991
A1076: M001075 | B1076: D001075 | C1076: 46203.333 | D1076: RECEIPT | E1076: SKU001 | F1076: B0080 | G1076: L001 | H1076: 76 | J1076: R0050
A1077: M001076 | B1077: D001076 | C1077: 46203.333 | D1077: RECEIPT | E1077: SKU002 | F1077: B0081 | G1077: L002 | H1077: 65 | J1077: R0051
A1078: M001077 | B1078: D001077 | C1078: 46203.333 | D1078: RECEIPT | E1078: SKU003 | F1078: B0082 | G1078: L003 | H1078: 86 | J1078: R0052
A1079: M001078 | B1079: D001078 | C1079: 46203.333 | D1079: RECEIPT | E1079: SKU004 | F1079: B0083 | G1079: L004 | H1079: 75 | J1079: R0053
A1080: M001079 | B1080: D001079 | C1080: 46203.333 | D1080: RECEIPT | E1080: SKU005 | F1080: B0084 | G1080: L005 | H1080: 85 | J1080: R0054
A1081: M001080 | B1081: D001080 | C1081: 46203.333 | D1081: RECEIPT | E1081: SKU006 | F1081: B0085 | G1081: L006 | H1081: 90 | J1081: R0055
A1082: M001081 | B1082: D001081 | C1082: 46203.333 | D1082: RECEIPT | E1082: SKU008 | F1082: B0086 | G1082: L008 | H1082: 92 | J1082: R0056
A1083: M001082 | B1083: D001082 | C1083: 46203.333 | D1083: RECEIPT | E1083: SKU013 | F1083: B0087 | G1083: L013 | H1083: 63 | J1083: R0057
A1084: M001083 | B1084: D001083 | C1084: 46203.333 | D1084: RECEIPT | E1084: SKU017 | F1084: B0088 | G1084: L017 | H1084: 95 | J1084: R0058
A1085: M001084 | B1085: D001084 | C1085: 46203.333 | D1085: RECEIPT | E1085: SKU018 | F1085: B0089 | G1085: L018 | H1085: 76 | J1085: R0059
A1086: M001085 | B1086: D001085 | C1086: 46203.333 | D1086: RECEIPT | E1086: SKU020 | F1086: B0090 | G1086: L020 | H1086: 96 | J1086: R0060
A1087: M001086 | B1087: D001086 | C1087: 46203.333 | D1087: RECEIPT | E1087: SKU025 | F1087: B0091 | G1087: L025 | H1087: 100 | J1087: R0061
A1088: M001087 | B1088: D001087 | C1088: 46203.333 | D1088: RECEIPT | E1088: SKU026 | F1088: B0092 | G1088: L026 | H1088: 77 | J1088: R0062
A1089: M001088 | B1089: D001088 | C1089: 46203.583 | D1089: ISSUE | E1089: SKU001 | F1089: B0059 | G1089: L001 | H1089: 4 | I1089: O00992
A1090: M001089 | B1090: D001089 | C1090: 46203.583 | D1090: ISSUE | E1090: SKU002 | F1090: B0060 | G1090: L002 | H1090: 4 | I1090: O00993
A1091: M001090 | B1091: D001090 | C1091: 46203.583 | D1091: ISSUE | E1091: SKU003 | F1091: B0061 | G1091: L003 | H1091: 3 | I1091: O00994
A1092: M001091 | B1092: D001091 | C1092: 46203.583 | D1092: ISSUE | E1092: SKU004 | F1092: B0083 | G1092: L004 | H1092: 3 | I1092: O00995
A1093: M001092 | B1093: D001092 | C1093: 46203.583 | D1093: ISSUE | E1093: SKU005 | F1093: B0063 | G1093: L005 | H1093: 3 | I1093: O00996
A1094: M001093 | B1094: D001093 | C1094: 46203.583 | D1094: ISSUE | E1094: SKU006 | F1094: B0064 | G1094: L006 | H1094: 1 | I1094: O00997
A1095: M001094 | B1095: D001094 | C1095: 46203.583 | D1095: ISSUE | E1095: SKU006 | F1095: B0036 | G1095: L006 | H1095: 3 | I1095: O00997
A1096: M001095 | B1096: D001095 | C1096: 46203.583 | D1096: ISSUE | E1096: SKU012 | F1096: B0067 | G1096: L012 | H1096: 3 | I1096: O00998
...

Sheet stores
A1: store_id | B1: store_name | C1: demand_factor
A2: S1 | B2: 模拟门店1 | C2: 0.8
A3: S2 | B3: 模拟门店2 | C3: 1
A4: S3 | B4: 模拟门店3 | C4: 1.2
A5: S4 | B5: 模拟门店4 | C5: 1.4
A6: S5 | B6: 模拟门店5 | C6: 0.9

Sheet order_lines
A1: order_line_id | B1: order_id | C1: order_time | D1: store_id | E1: sku | F1: requested_qty | G1: promised_ship_time | H1: actual_ship_time
A2: O00001 | B2: ORD000S1 | C2: 46182.417 | D2: S1 | E2: SKU002 | F2: 1 | G2: 46182.75 | H2: 46182.583
A3: O00002 | B3: ORD000S1 | C3: 46182.417 | D3: S1 | E3: SKU004 | F3: 1 | G3: 46182.75 | H3: 46182.583
A4: O00003 | B4: ORD000S1 | C4: 46182.417 | D4: S1 | E4: SKU017 | F4: 2 | G4: 46182.75 | H4: 46182.583
A5: O00004 | B5: ORD000S1 | C5: 46182.417 | D5: S1 | E5: SKU022 | F5: 1 | G5: 46182.75 | H5: 46182.583
A6: O00005 | B6: ORD000S1 | C6: 46182.417 | D6: S1 | E6: SKU026 | F6: 2 | G6: 46182.75 | H6: 46182.583
A7: O00006 | B7: ORD000S2 | C7: 46182.417 | D7: S2 | E7: SKU001 | F7: 3 | G7: 46182.75 | H7: 46182.583
A8: O00007 | B8: ORD000S2 | C8: 46182.417 | D8: S2 | E8: SKU002 | F8: 5 | G8: 46182.75 | H8: 46182.583
A9: O00008 | B9: ORD000S2 | C9: 46182.417 | D9: S2 | E9: SKU003 | F9: 4 | G9: 46182.75 | H9: 46182.583
A10: O00009 | B10: ORD000S2 | C10: 46182.417 | D10: S2 | E10: SKU004 | F10: 1 | G10: 46182.75 | H10: 46182.583
A11: O00010 | B11: ORD000S2 | C11: 46182.417 | D11: S2 | E11: SKU005 | F11: 3 | G11: 46182.75 | H11: 46182.583
A12: O00011 | B12: ORD000S2 | C12: 46182.417 | D12: S2 | E12: SKU011 | F12: 1 | G12: 46182.75 | H12: 46182.583
A13: O00012 | B13: ORD000S2 | C13: 46182.417 | D13: S2 | E13: SKU024 | F13: 1 | G13: 46182.75 | H13: 46182.583
... A286: O00285 | B286: ORD006S2 | C286: 46188.417 | D286: S2 | E286: SKU002 | F286: 5 | G286: 46188.75 | H286: 46188.583
A287: O00286 | B287: ORD006S2 | C287: 46188.417 | D287: S2 | E287: SKU003 | F287: 1 | G287: 46188.75
A288: O00287 | B288: ORD006S2 | C288: 46188.417 | D288: S2 | E288: SKU005 | F288: 1 | G288: 46188.75 | H288: 46188.583
A289: O00288 | B289: ORD006S2 | C289: 46188.417 | D289: S2 | E289: SKU006 | F289: 5 | G289: 46188.75 | H289: 46188.583
A290: O00289 | B290: ORD006S2 | C290: 46188.417 | D290: S2 | E290: SKU007 | F290: 3 | G290: 46188.75 | H290: 46188.583
A291: O00290 | B291: ORD006S2 | C291: 46188.417 | D291: S2 | E291: SKU009 | F291: 5 | G291: 46188.75 | H291: 46188.583
A292: O00291 | B292: ORD006S2 | C292: 46188.417 | D292: S2 | E292: SKU014 | F292: 5 | G292: 46188.75 | H292: 46188.583
A293: O00292 | B293: ORD006S2 | C293: 46188.417 | D293: S2 | E293: SKU015 | F293: 1 | G293: 46188.75 | H293: 46188.583
A294: O00293 | B294: ORD006S2 | C294: 46188.417 | D294: S2 | E294: SKU017 | F294: 3 | G294: 46188.75 | H294: 46188.583
A295: O00294 | B295: ORD006S2 | C295: 46188.417 | D295: S2 | E295: SKU020 | F295: 2 | G295: 46188.75 | H295: 46188.583
A296: O00295 | B296: ORD006S2 | C296: 46188.417 | D296: S2 | E296: SKU021 | F296: 3 | G296: 46188.75 | H296: 46188.583
A297: O00296 | B297: ORD006S2 | C297: 46188.417 | D297: S2 | E297: SKU025 | F297: 2 | G297: 46188.75 | H297: 46188.583
A298: O00297 | B298: ORD006S2 | C298: 46188.417 | D298: S2 | E298: SKU027 | F298: 2 | G298: 46188.75 | H298: 46188.583
A299: O00298 | B299: ORD006S3 | C299: 46188.417 | D299: S3 | E299: SKU001 | F299: 6 | G299: 46188.75 | H299: 46188.583
A300: O00299 | B300: ORD006S3 | C300: 46188.417 | D300: S3 | E300: SKU002 | F300: 1 | G300: 46188.75 | H300: 46188.583
A301: O00300 | B301: ORD006S3 | C301: 46188.417 | D301: S3 | E301: SKU003 | F301: 2 | G301: 46188.75
A302: O00301 | B302: ORD006S3 | C302: 46188.417 | D302: S3 | E302: SKU004 | F302: 6 | G302: 46188.75 | H302: 46188.583
A303: O00302 | B303: ORD006S3 | C303: 46188.417 | D303: S3 | E303: SKU005 | F303: 2 | G303: 46188.75 | H303: 46188.583
A304: O00303 | B304: ORD006S3 | C304: 46188.417 | D304: S3 | E304: SKU006 | F304: 5 | G304: 46188.75 | H304: 46188.583
A305: O00304 | B305: ORD006S3 | C305: 46188.417 | D305: S3 | E305: SKU007 | F305: 6 | G305: 46188.75 | H305: 46188.583
A306: O00305 | B306: ORD006S3 | C306: 46188.417 | D306: S3 | E306: SKU011 | F306: 6 | G306: 46188.75 | H306: 46188.583
A307: O00306 | B307: ORD006S3 | C307: 46188.417 | D307: S3 | E307: SKU013 | F307: 4 | G307: 46188.75 | H307: 46188.583
A308: O00307 | B308: ORD006S3 | C308: 46188.417 | D308: S3 | E308: SKU014 | F308: 2 | G308: 46188.75 | H308: 46188.583
A309: O00308 | B309: ORD006S3 | C309: 46188.417 | D309: S3 | E309: SKU018 | F309: 6 | G309: 46188.75 | H309: 46188.583
A310: O00309 | B310: ORD006S3 | C310: 46188.417 | D310: S3 | E310: SKU021 | F310: 1 | G310: 46188.75 | H310: 46188.583
A311: O00310 | B311: ORD006S3 | C311: 46188.417 | D311: S3 | E311: SKU023 | F311: 4 | G311: 46188.75 | H311: 46188.583
A312: O00311 | B312: ORD006S4 | C312: 46188.417 | D312: S4 | E312: SKU001 | F312: 3 | G312: 46188.75 | H312: 46188.583
A313: O00312 | B313: ORD006S4 | C313: 46188.417 | D313: S4 | E313: SKU002 | F313: 7 | G313: 46188.75 | H313: 46188.583
... A325: O00324 | B325: ORD006S5 | C325: 46188.417 | D325: S5 | E325: SKU002 | F325: 4 | G325: 46188.75 | H325: 46188.583
A326: O00325 | B326: ORD006S5 | C326: 46188.417 | D326: S5 | E326: SKU003 | F326: 3 | G326: 46188.75
A327: O00326 | B327: ORD006S5 | C327: 46188.417 | D327: S5 | E327: SKU004 | F327: 3 | G327: 46188.75 | H327: 46188.583
A328: O00327 | B328: ORD006S5 | C328: 46188.417 | D328: S5 | E328: SKU005 | F328: 2 | G328: 46188.75 | H328: 46188.583
A329: O00328 | B329: ORD006S5 | C329: 46188.417 | D329: S5 | E329: SKU011 | F329: 4 | G329: 46188.75 | H329: 46188.583
A330: O00329 | B330: ORD006S5 | C330: 46188.417 | D330: S5 | E330: SKU012 | F330: 3 | G330: 46188.75 | H330: 46188.583
A331: O00330 | B331: ORD006S5 | C331: 46188.417 | D331: S5 | E331: SKU014 | F331: 4 | G331: 46188.75 | H331: 46188.583
A332: O00331 | B332: ORD006S5 | C332: 46188.417 | D332: S5 | E332: SKU018 | F332: 4 | G332: 46188.75 | H332: 46188.583
A333: O00332 | B333: ORD006S5 | C333: 46188.417 | D333: S5 | E333: SKU020 | F333: 2 | G333: 46188.75 | H333: 46188.583
A334: O00333 | B334: ORD006S5 | C334: 46188.417 | D334: S5 | E334: SKU025 | F334: 4 | G334: 46188.75 | H334: 46188.583
A335: O00334 | B335: ORD006S5 | C335: 46188.417 | D335: S5 | E335: SKU028 | F335: 2 | G335: 46188.75 | H335: 46188.583
A336: O00335 | B336: ORD007S1 | C336: 46189.417 | D336: S1 | E336: SKU002 | F336: 2 | G336: 46189.75 | H336: 46189.583
A337: O00336 | B337: ORD007S1 | C337: 46189.417 | D337: S1 | E337: SKU003 | F337: 2 | G337: 46189.75 | H337: 46189.583
A338: O00337 | B338: ORD007S1 | C338: 46189.417 | D338: S1 | E338: SKU005 | F338: 2 | G338: 46189.75 | H338: 46189.583
... A593: O00592 | B593: ORD012S3 | C593: 46194.417 | D593: S3 | E593: SKU002 | F593: 8 | G593: 46194.75 | H593: 46194.583
A594: O00593 | B594: ORD012S3 | C594: 46194.417 | D594: S3 | E594: SKU003 | F594: 6 | G594: 46194.75
A595: O00594 | B595: ORD012S3 | C595: 46194.417 | D595: S3 | E595: SKU005 | F595: 8 | G595: 46194.75 | H595: 46194.583
A596: O00595 | B596: ORD012S3 | C596: 46194.417 | D596: S3 | E596: SKU006 | F596: 6 | G596: 46194.75 | H596: 46194.583
A597: O00596 | B597: ORD012S3 | C597: 46194.417 | D597: S3 | E597: SKU011 | F597: 8 | G597: 46194.75 | H597: 46194.583
A598: O00597 | B598: ORD012S3 | C598: 46194.417 | D598: S3 | E598: SKU013 | F598: 3 | G598: 46194.75 | H598: 46194.583
A599: O00598 | B599: ORD012S3 | C599: 46194.417 | D599: S3 | E599: SKU018 | F599: 6 | G599: 46194.75 | H599: 46194.583
A600: O00599 | B600: ORD012S3 | C600: 46194.417 | D600: S3 | E600: SKU019 | F600: 5 | G600: 46194.75 | H600: 46194.583
A601: O00600 | B601: ORD012S3 | C601: 46194.417 | D601: S3 | E601: SKU021 | F601: 6 | G601: 46194.75 | H601: 46194.583
A602: O00601 | B602: ORD012S3 | C602: 46194.417 | D602: S3 | E602: SKU022 | F602: 8 | G602: 46194.75 | H602: 46194.583
A603: O00602 | B603: ORD012S3 | C603: 46194.417 | D603: S3 | E603: SKU024 | F603: 6 | G603: 46194.75 | H603: 46194.583
A604: O00603 | B604: ORD012S3 | C604: 46194.417 | D604: S3 | E604: SKU025 | F604: 8 | G604: 46194.75 | H604: 46194.583
A605: O00604 | B605: ORD012S3 | C605: 46194.417 | D605: S3 | E605: SKU027 | F605: 3 | G605: 46194.75 | H605: 46194.583
A606: O00605 | B606: ORD012S4 | C606: 46194.417 | D606: S4 | E606: SKU001 | F606: 4 | G606: 46194.75 | H606: 46194.583
A607: O00606 | B607: ORD012S4 | C607: 46194.417 | D607: S4 | E607: SKU004 | F607: 5 | G607: 46194.75
A608: O00607 | B608: ORD012S4 | C608: 46194.417 | D608: S4 | E608: SKU005 | F608: 4 | G608: 46194.75 | H608: 46194.583
A609: O00608 | B609: ORD012S4 | C609: 46194.417 | D609: S4 | E609: SKU007 | F609: 4 | G609: 46194.75 | H609: 46194.583
A610: O00609 | B610: ORD012S4 | C610: 46194.417 | D610: S4 | E610: SKU016 | F610: 4 | G610: 46194.75 | H610: 46194.583
A611: O00610 | B611: ORD012S4 | C611: 46194.417 | D611: S4 | E611: SKU017 | F611: 2 | G611: 46194.75 | H611: 46194.583
A612: O00611 | B612: ORD012S4 | C612: 46194.417 | D612: S4 | E612: SKU024 | F612: 4 | G612: 46194.75 | H612: 46194.583
A613: O00612 | B613: ORD012S5 | C613: 46194.417 | D613: S5 | E613: SKU001 | F613: 1 | G613: 46194.75 | H613: 46194.583
A614: O00613 | B614: ORD012S5 | C614: 46194.417 | D614: S5 | E614: SKU002 | F614: 6 | G614: 46194.75 | H614: 46194.583
A615: O00614 | B615: ORD012S5 | C615: 46194.417 | D615: S5 | E615: SKU003 | F615: 5 | G615: 46194.75
A616: O00615 | B616: ORD012S5 | C616: 46194.417 | D616: S5 | E616: SKU008 | F616: 5 | G616: 46194.75 | H616: 46194.583
A617: O00616 | B617: ORD012S5 | C617: 46194.417 | D617: S5 | E617: SKU014 | F617: 5 | G617: 46194.75 | H617: 46194.583
A618: O00617 | B618: ORD012S5 | C618: 46194.417 | D618: S5 | E618: SKU017 | F618: 4 | G618: 46194.75 | H618: 46194.583
A619: O00618 | B619: ORD012S5 | C619: 46194.417 | D619: S5 | E619: SKU020 | F619: 1 | G619: 46194.75 | H619: 46194.583
A620: O00619 | B620: ORD012S5 | C620: 46194.417 | D620: S5 | E620: SKU022 | F620: 5 | G620: 46194.75 | H620: 46194.583
A621: O00620 | B621: ORD012S5 | C621: 46194.417 | D621: S5 | E621: SKU024 | F621: 5 | G621: 46194.75 | H621: 46194.583
A622: O00621 | B622: ORD013S1 | C622: 46195.417 | D622: S1 | E622: SKU003 | F622: 2 | G622: 46195.75
A623: O00622 | B623: ORD013S1 | C623: 46195.417 | D623: S1 | E623: SKU004 | F623: 2 | G623: 46195.75
A624: O00623 | B624: ORD013S1 | C624: 46195.417 | D624: S1 | E624: SKU006 | F624: 2 | G624: 46195.75 | H624: 46195.583
A625: O00624 | B625: ORD013S1 | C625: 46195.417 | D625: S1 | E625: SKU014 | F625: 1 | G625: 46195.75 | H625: 46195.583
A626: O00625 | B626: ORD013S1 | C626: 46195.417 | D626: S1 | E626: SKU016 | F626: 2 | G626: 46195.75 | H626: 46195.583
A627: O00626 | B627: ORD013S1 | C627: 46195.417 | D627: S1 | E627: SKU024 | F627: 2 | G627: 46195.75 | H627: 46195.583
A628: O00627 | B628: ORD013S1 | C628: 46195.417 | D628: S1 | E628: SKU025 | F628: 2 | G628: 46195.75 | H628: 46195.583
A629: O00628 | B629: ORD013S2 | C629: 46195.417 | D629: S2 | E629: SKU002 | F629: 1 | G629: 46195.75 | H629: 46195.583
A630: O00629 | B630: ORD013S2 | C630: 46195.417 | D630: S2 | E630: SKU006 | F630: 4 | G630: 46195.75 | H630: 46195.583
A631: O00630 | B631: ORD013S2 | C631: 46195.417 | D631: S2 | E631: SKU014 | F631: 4 | G631: 46195.75 | H631: 46195.583
A632: O00631 | B632: ORD013S2 | C632: 46195.417 | D632: S2 | E632: SKU020 | F632: 5 | G632: 46195.75 | H632: 46195.583
A633: O00632 | B633: ORD013S2 | C633: 46195.417 | D633: S2 | E633: SKU025 | F633: 2 | G633: 46195.75 | H633: 46195.583
A634: O00633 | B634: ORD013S2 | C634: 46195.417 | D634: S2 | E634: SKU026 | F634: 2 | G634: 46195.75 | H634: 46195.583
A635: O00634 | B635: ORD013S3 | C635: 46195.417 | D635: S3 | E635: SKU002 | F635: 2 | G635: 46195.75 | H635: 46195.583
A636: O00635 | B636: ORD013S3 | C636: 46195.417 | D636: S3 | E636: SKU004 | F636: 4 | G636: 46195.75
A637: O00636 | B637: ORD013S3 | C637: 46195.417 | D637: S3 | E637: SKU005 | F637: 6 | G637: 46195.75 | H637: 46195.583
...

Sheet stock_counts
A1: count_line_id | B1: count_time | C1: sku | D1: batch_id | E1: location_id | F1: book_qty_snapshot | G1: first_count_qty | H1: recount_qty | I1: investigation_status | J1: 盘点差异 | K1: 盘点结果 | L1: 差异金额
A2: C0001 | B2: 46211.833 | C2: SKU007 | D2: B0007 | E2: L007 | F2: 56 | G2: 54 | H2: 54 | I2: OPEN | J2: =H2-F2 -> -2 | K2: =IF(J2=0,"一致",IF(J2>0,"盘盈","盘亏")) -> 盘亏 | L2: =J2*VLOOKUP(stock_counts__2[[#This Row],[sku]],products!A:F,6,0) -> -61.58
A3: C0002 | B3: 46211.833 | C3: SKU009 | D3: B0009 | E3: L009 | F3: 48 | G3: 48 | H3: 48 | I3: MATCHED | J3: =H3-F3 -> 0 | K3: =IF(J3=0,"一致",IF(J3>0,"盘盈","盘亏")) -> 一致 | L3: =J3*VLOOKUP(stock_counts__2[[#This Row],[sku]],products!A:F,6,0) -> 0
A4: C0003 | B4: 46211.833 | C4: SKU010 | D4: B0010 | E4: L010 | F4: 80 | G4: 80 | H4: 80 | I4: MATCHED | J4: =H4-F4 -> 0 | K4: =IF(J4=0,"一致",IF(J4>0,"盘盈","盘亏")) -> 一致 | L4: =J4*VLOOKUP(stock_counts__2[[#This Row],[sku]],products!A:F,6,0) -> 0
A5: C0004 | B5: 46211.833 | C5: SKU012 | D5: B0012 | E5: L012 | F5: 8 | G5: 8 | H5: 8 | I5: MATCHED | J5: =H5-F5 -> 0 | K5: =IF(J5=0,"一致",IF(J5>0,"盘盈","盘亏")) -> 一致 | L5: =J5*VLOOKUP(stock_counts__2[[#This Row],[sku]],products!A:F,6,0) -> 0
A6: C0005 | B6: 46211.833 | C6: SKU013 | D6: B0013 | E6: L013 | F6: 66 | G6: 66 | H6: 66 | I6: MATCHED | J6: =H6-F6 -> 0 | K6: =IF(J6=0,"一致",IF(J6>0,"盘盈","盘亏")) -> 一致 | L6: =J6*VLOOKUP(stock_counts__2[[#This Row],[sku]],products!A:F,6,0) -> 0
A7: C0006 | B7: 46211.833 | C7: SKU015 | D7: B0015 | E7: L015 | F7: 35 | G7: 35 | H7: 35 | I7: MATCHED | J7: =H7-F7 -> 0 | K7: =IF(J7=0,"一致",IF(J7>0,"盘盈","盘亏")) -> 一致 | L7: =J7*VLOOKUP(stock_counts__2[[#This Row],[sku]],products!A:F,6,0) -> 0
A8: C0007 | B8: 46211.833 | C8: SKU018 | D8: B0018 | E8: L018 | F8: 56 | G8: 56 | H8: 56 | I8: MATCHED | J8: =H8-F8 -> 0 | K8: =IF(J8=0,"一致",IF(J8>0,"盘盈","盘亏")) -> 一致 | L8: =J8*VLOOKUP(stock_counts__2[[#This Row],[sku]],products!A:F,6,0) -> 0
A9: C0008 | B9: 46211.833 | C9: SKU029 | D9: B0029 | E9: L029 | F9: 239 | G9: 239 | H9: 239 | I9: MATCHED | J9: =H9-F9 -> 0 | K9: =IF(J9=0,"一致",IF(J9>0,"盘盈","盘亏")) -> 一致 | L9: =J9*VLOOKUP(stock_counts__2[[#This Row],[sku]],products!A:F,6,0) -> 0
A10: C0009 | B10: 46211.833 | C10: SKU030 | D10: B0030 | E10: L030 | F10: 240 | G10: 240 | H10: 240 | I10: MATCHED | J10: =H10-F10 -> 0 | K10: =IF(J10=0,"一致",IF(J10>0,"盘盈","盘亏")) -> 一致 | L10: =J10*VLOOKUP(stock_counts__2[[#This Row],[sku]],products!A:F,6,0) -> 0
A11: C0010 | B11: 46211.833 | C11: SKU008 | D11: B0038 | E11: L008 | F11: 50 | G11: 50 | H11: 50 | I11: MATCHED | J11: =H11-F11 -> 0 | K11: =IF(J11=0,"一致",IF(J11>0,"盘盈","盘亏")) -> 一致 | L11: =J11*VLOOKUP(stock_counts__2[[#This Row],[sku]],products!A:F,6,0) -> 0
A12: C0011 | B12: 46211.833 | C12: SKU009 | D12: B0039 | E12: L009 | F12: 21 | G12: 21 | H12: 21 | I12: MATCHED | J12: =H12-F12 -> 0 | K12: =IF(J12=0,"一致",IF(J12>0,"盘盈","盘亏")) -> 一致 | L12: =J12*VLOOKUP(stock_counts__2[[#This Row],[sku]],products!A:F,6,0) -> 0
A13: C0012 | B13: 46211.833 | C13: SKU010 | D13: B0040 | E13: L010 | F13: 86 | G13: 84 | H13: 84 | I13: OPEN | J13: =H13-F13 -> -2 | K13: =IF(J13=0,"一致",IF(J13>0,"盘盈","盘亏")) -> 盘亏 | L13: =J13*VLOOKUP(stock_counts__2[[#This Row],[sku]],products!A:F,6,0) -> -58.1
... A197: C0196 | B197: 46271.833 | C197: SKU028 | D197: B0224 | E197: L028 | F197: 66 | G197: 66 | H197: 66 | I197: MATCHED | J197: =H197-F197 -> 0 | K197: =IF(J197=0,"一致",IF(J197>0,"盘盈","盘亏")) -> 一致 | L197: =J197*VLOOKUP(stock_counts__2[[#This Row],[sku]],products!A:F,6,0) -> 0

Sheet 每日库存表
A1: SKU | B1: 46182 | C1: =B1+1 -> 46183 | D1: =C1+1 -> 46184 | E1: =D1+1 -> 46185 | F1: =E1+1 -> 46186 | G1: =F1+1 -> 46187 | H1: =G1+1 -> 46188 | I1: =H1+1 -> 46189 | J1: =I1+1 -> 46190 | ... CM1: =CL1+1 -> 46271 | CN1: 平均库存 | CO1: 90天出库量 | CP1: 周转次数 | CQ1: 周转天数
A2: SKU001 | B2: =SUMIFS(movements!$H:$H,movements!$E:$E,$A2,movements!$D:$D,"OPENING",movements!$C:$C,"<"&B$1+1)+SUMIFS(movements!$H:$H,movements!$E:$E,$A2,movements!$D:$D,"RECEIPT",movements!$C:$C,"<"&B$1+1)-SUMIFS(movements!$H:$H,movements!$E:$E,$A2,movements!$D:$D,"ISSUE",movements!$C:$C,"<"&B$1+1) -> 77 | C2: =SUMIFS(movements!$H:$H,movements!$E:$E,$A2,movements!$D:$D,"OPENING",movements!$C:$C,"<"&C$1+1)+SUMIFS(movements!$H:$H,movements!$E:$E,$A2,movements!$D:$D,"RECEIPT",movements!$C:$C,"<"&C$1+1)-SUMIFS(movements!$H:$H,movements!$E:$E,$A2,movements!$D:$D,"ISSUE",movements!$C:$C,"<"&C$1+1) -> 66 | D2: =SUMIFS(movements!$H:$H,movements!$E:$E,$A2,movements!$D:$D,"OPENING",movements!$C:$C,"<"&D$1+1)+SUMIFS(movements!$H:$H,movements!$E:$E,$A2,movements!$D:$D,"RECEIPT",movements!$C:$C,"<"&D$1+1)-SUMIFS(movements!$H:$H,movements!$E:$E,$A2,movements!$D:$D,"ISSUE",movements!$C:$C,"<"&D$1+1) -> 58 | E2: =SUMIFS(movements!$H:$H,movements!$E:$E,$A2,movements!$D:$D,"OPENING",movements!$C:$C,"<"&E$1+1)+SUMIFS(movements!$H:$H,movements!$E:$E,$A2,movements!$D:$D,"RECEIPT",movements!$C:$C,"<"&E$1+1)-SUMIFS(movements!$H:$H,movements!$E:$E,$A2,movements!$D:$D,"ISSUE",movements!$C:$C,"<"&E$1+1) -> 43 | F2: =SUMIFS(movements!$H:$H,movements!$E:$E,$A2,movements!$D:$D,"OPENING",movements!$C:$C,"<"&F$1+1)+SUMIFS(movements!$H:$H,movements!$E:$E,$A2,movements!$D:$D,"RECEIPT",movements!$C:$C,"<"&F$1+1)-SUMIFS(movements!$H:$H,movements!$E:$E,$A2,movements!$D:$D,"ISSUE",movements!$C:$C,"<"&F$1+1) -> 33 | G2: =SUMIFS(movements!$H:$H,movements!$E:$E,$A2,movements!$D:$D,"OPENING",movements!$C:$C,"<"&G$1+1)+SUMIFS(movements!$H:$H,movements!$E:$E,$A2,movements!$D:$D,"RECEIPT",movements!$C:$C,"<"&G$1+1)-SUMIFS(movements!$H:$H,movements!$E:$E,$A2,movements!$D:$D,"ISSUE",movements!$C:$C,"<"&G$1+1) -> 24 | H2: =SUMIFS(movements!$H:$H,movements!$E:$E,$A2,movements!$D:$D,"OPENING",movements!$C:$C,"<"&H$1+1)+SUMIFS(movements!$H:$H,movements!$E:$E,$A2,movements!$D:$D,"RECEIPT",movements!$C:$C,"<"&H$1+1)-SUMIFS(movements!$H:$H,movements!$E:$E,$A2,movements!$D:$D,"ISSUE",movements!$C:$C,"<"&H$1+1) -> 8 | I2: =SUMIFS(movements!$H:$H,movements!$E:$E,$A2,movements!$D:$D,"OPENING",movements!$C:$C,"<"&I$1+1)+SUMIFS(movements!$H:$H,movements!$E:$E,$A2,movements!$D:$D,"RECEIPT",movements!$C:$C,"<"&I$1+1)-SUMIFS(movements!$H:$H,movements!$E:$E,$A2,movements!$D:$D,"ISSUE",movements!$C:$C,"<"&I$1+1) -> 81 | ... CM2: =SUMIFS(movements!$H:$H,movements!$E:$E,$A2,movements!$D:$D,"OPENING",movements!$C:$C,"<"&CM$1+1)+SUMIFS(movements!$H:$H,movements!$E:$E,$A2,movements!$D:$D,"RECEIPT",movements!$C:$C,"<"&CM$1+1)-SUMIFS(movements!$H:$H,movements!$E:$E,$A2,movements!$D:$D,"ISSUE",movements!$C:$C,"<"&CM$1+1) -> 51 | CN2: =AVERAGE(B2:CM2) -> 47.311111 | CO2: =SUMIFS(movements!$H:$H,movements!$E:$E,$A2,movements!$D:$D,"ISSUE",movements!$C:$C,">="&$B$1,movements!$C:$C,"<"&($CM$1+1)) -> 777 | CP2: =IF(CN2=0,"无法计算",CO2/CN2) -> 16.423203 | CQ2: =IF(CO2=0,"期间无出库",IF(CN2=0,"无法计算",90/CP2)) -> 5.4800515
A3: SKU002 | B3: =SUMIFS(movements!$H:$H,movements!$E:$E,$A3,movements!$D:$D,"OPENING",movements!$C:$C,"<"&B$1+1)+SUMIFS(movements!$H:$H,movements!$E:$E,$A3,movements!$D:$D,"RECEIPT",movements!$C:$C,"<"&B$1+1)-SUMIFS(movements!$H:$H,movements!$E:$E,$A3,movements!$D:$D,"ISSUE",movements!$C:$C,"<"&B$1+1) -> 74 | C3: =SUMIFS(movements!$H:$H,movements!$E:$E,$A3,movements!$D:$D,"OPENING",movements!$C:$C,"<"&C$1+1)+SUMIFS(movements!$H:$H,movements!$E:$E,$A3,movements!$D:$D,"RECEIPT",movements!$C:$C,"<"&C$1+1)-SUMIFS(movements!$H:$H,movements!$E:$E,$A3,movements!$D:$D,"ISSUE",movements!$C:$C,"<"&C$1+1) -> 70 | D3: =SUMIFS(movements!$H:$H,movements!$E:$E,$A3,movements!$D:$D,"OPENING",movements!$C:$C,"<"&D$1+1)+SUMIFS(movements!$H:$H,movements!$E:$E,$A3,movements!$D:$D,"RECEIPT",movements!$C:$C,"<"&D$1+1)-SUMIFS(movements!$H:$H,movements!$E:$E,$A3,movements!$D:$D,"ISSUE",movements!$C:$C,"<"&D$1+1) -> 61 | E3: =SUMIFS(movements!$H:$H,movements!$E:$E,$A3,movements!$D:$D,"OPENING",movements!$C:$C,"<"&E$1+1)+SUMIFS(movements!$H:$H,movements!$E:$E,$A3,movements!$D:$D,"RECEIPT",movements!$C:$C,"<"&E$1+1)-SUMIFS(movements!$H:$H,movements!$E:$E,$A3,movements!$D:$D,"ISSUE",movements!$C:$C,"<"&E$1+1) -> 55 | F3: =SUMIFS(movements!$H:$H,movements!$E:$E,$A3,movements!$D:$D,"OPENING",movements!$C:$C,"<"&F$1+1)+SUMIFS(movements!$H:$H,movements!$E:$E,$A3,movements!$D:$D,"RECEIPT",movements!$C:$C,"<"&F$1+1)-SUMIFS(movements!$H:$H,movements!$E:$E,$A3,movements!$D:$D,"ISSUE",movements!$C:$C,"<"&F$1+1) -> 52 | G3: =SUMIFS(movements!$H:$H,movements!$E:$E,$A3,movements!$D:$D,"OPENING",movements!$C:$C,"<"&G$1+1)+SUMIFS(movements!$H:$H,movements!$E:$E,$A3,movements!$D:$D,"RECEIPT",movements!$C:$C,"<"&G$1+1)-SUMIFS(movements!$H:$H,movements!$E:$E,$A3,movements!$D:$D,"ISSUE",movements!$C:$C,"<"&G$1+1) -> 38 | H3: =SUMIFS(movements!$H:$H,movements!$E:$E,$A3,movements!$D:$D,"OPENING",movements!$C:$C,"<"&H$1+1)+SUMIFS(movements!$H:$H,movements!$E:$E,$A3,movements!$D:$D,"RECEIPT",movements!$C:$C,"<"&H$1+1)-SUMIFS(movements!$H:$H,movements!$E:$E,$A3,movements!$D:$D,"ISSUE",movements!$C:$C,"<"&H$1+1) -> 21 | I3: =SUMIFS(movements!$H:$H,movements!$E:$E,$A3,movements!$D:$D,"OPENING",movements!$C:$C,"<"&I$1+1)+SUMIFS(movements!$H:$H,movements!$E:$E,$A3,movements!$D:$D,"RECEIPT",movements!$C:$C,"<"&I$1+1)-SUMIFS(movements!$H:$H,movements!$E:$E,$A3,movements!$D:$D,"ISSUE",movements!$C:$C,"<"&I$1+1) -> 96 | ... CM3: =SUMIFS(movements!$H:$H,movements!$E:$E,$A3,movements!$D:$D,"OPENING",movements!$C:$C,"<"&CM$1+1)+SUMIFS(movements!$H:$H,movements!$E:$E,$A3,movements!$D:$D,"RECEIPT",movements!$C:$C,"<"&CM$1+1)-SUMIFS(movements!$H:$H,movements!$E:$E,$A3,movements!$D:$D,"ISSUE",movements!$C:$C,"<"&CM$1+1) -> 47 | CN3: =AVERAGE(B3:CM3) -> 97.311111 | CO3: =SUMIFS(movements!$H:$H,movements!$E:$E,$A3,movements!$D:$D,"ISSUE",movements!$C:$C,">="&$B$1,movements!$C:$C,"<"&($CM$1+1)) -> 933 | CP3: =IF(CN3=0,"无法计算",CO3/CN3) -> 9.5878054 | CQ3: =IF(CO3=0,"期间无出库",IF(CN3=0,"无法计算",90/CP3)) -> 9.3869239
A4: SKU003 | B4: =SUMIFS(movements!$H:$H,movements!$E:$E,$A4,movements!$D:$D,"OPENING",movements!$C:$C,"<"&B$1+1)+SUMIFS(movements!$H:$H,movements!$E:$E,$A4,movements!$D:$D,"RECEIPT",movements!$C:$C,"<"&B$1+1)-SUMIFS(movements!$H:$H,movements!$E:$E,$A4,movements!$D:$D,"ISSUE",movements!$C:$C,"<"&B$1+1) -> 63 | C4: =SUMIFS(movements!$H:$H,movements!$E:$E,$A4,movements!$D:$D,"OPENING",movements!$C:$C,"<"&C$1+1)+SUMIFS(movements!$H:$H,movements!$E:$E,$A4,movements!$D:$D,"RECEIPT",movements!$C:$C,"<"&C$1+1)-SUMIFS(movements!$H:$H,movements!$E:$E,$A4,movements!$D:$D,"ISSUE",movements!$C:$C,"<"&C$1+1) -> 53 | D4: =SUMIFS(movements!$H:$H,movements!$E:$E,$A4,movements!$D:$D,"OPENING",movements!$C:$C,"<"&D$1+1)+SUMIFS(movements!$H:$H,movements!$E:$E,$A4,movements!$D:$D,"RECEIPT",movements!$C:$C,"<"&D$1+1)-SUMIFS(movements!$H:$H,movements!$E:$E,$A4,movements!$D:$D,"ISSUE",movements!$C:$C,"<"&D$1+1) -> 41 | E4: =SUMIFS(movements!$H:$H,movements!$E:$E,$A4,movements!$D:$D,"OPENING",movements!$C:$C,"<"&E$1+1)+SUMIFS(movements!$H:$H,movements!$E:$E,$A4,movements!$D:$D,"RECEIPT",movements!$C:$C,"<"&E$1+1)-SUMIFS(movements!$H:$H,movements!$E:$E,$A4,movements!$D:$D,"ISSUE",movements!$C:$C,"<"&E$1+1) -> 31 | F4: =SUMIFS(movements!$H:$H,movements!$E:$E,$A4,movements!$D:$D,"OPENING",movements!$C:$C,"<"&F$1+1)+SUMIFS(movements!$H:$H,movements!$E:$E,$A4,movements!$D:$D,"RECEIPT",movements!$C:$C,"<"&F$1+1)-SUMIFS(movements!$H:$H,movements!$E:$E,$A4,movements!$D:$D,"ISSUE",movements!$C:$C,"<"&F$1+1) -> 21 | G4: =SUMIFS(movements!$H:$H,movements!$E:$E,$A4,movements!$D:$D,"OPENING",movements!$C:$C,"<"&G$1+1)+SUMIFS(movements!$H:$H,movements!$E:$E,$A4,movements!$D:$D,"RECEIPT",movements!$C:$C,"<"&G$1+1)-SUMIFS(movements!$H:$H,movements!$E:$E,$A4,movements!$D:$D,"ISSUE",movements!$C:$C,"<"&G$1+1) -> 0 | H4: =SUMIFS(movements!$H:$H,movements!$E:$E,$A4,movements!$D:$D,"OPENING",movements!$C:$C,"<"&H$1+1)+SUMIFS(movements!$H:$H,movements!$E:$E,$A4,movements!$D:$D,"RECEIPT",movements!$C:$C,"<"&H$1+1)-SUMIFS(movements!$H:$H,movements!$E:$E,$A4,movements!$D:$D,"ISSUE",movements!$C:$C,"<"&H$1+1) -> 0 | I4: =SUMIFS(movements!$H:$H,movements!$E:$E,$A4,movements!$D:$D,"OPENING",movements!$C:$C,"<"&I$1+1)+SUMIFS(movements!$H:$H,movements!$E:$E,$A4,movements!$D:$D,"RECEIPT",movements!$C:$C,"<"&I$1+1)-SUMIFS(movements!$H:$H,movements!$E:$E,$A4,movements!$D:$D,"ISSUE",movements!$C:$C,"<"&I$1+1) -> 49 | ... CM4: =SUMIFS(movements!$H:$H,movements!$E:$E,$A4,movements!$D:$D,"OPENING",movements!$C:$C,"<"&CM$1+1)+SUMIFS(movements!$H:$H,movements!$E:$E,$A4,movements!$D:$D,"RECEIPT",movements!$C:$C,"<"&CM$1+1)-SUMIFS(movements!$H:$H,movements!$E:$E,$A4,movements!$D:$D,"ISSUE",movements!$C:$C,"<"&CM$1+1) -> 21 | CN4: =AVERAGE(B4:CM4) -> 39.255556 | CO4: =SUMIFS(movements!$H:$H,movements!$E:$E,$A4,movements!$D:$D,"ISSUE",movements!$C:$C,">="&$B$1,movements!$C:$C,"<"&($CM$1+1)) -> 984 | CP4: =IF(CN4=0,"无法计算",CO4/CN4) -> 25.066516 | CQ4: =IF(CO4=0,"期间无出库",IF(CN4=0,"无法计算",90/CP4)) -> 3.5904472
A5: SKU004 | B5: =SUMIFS(movements!$H:$H,movements!$E:$E,$A5,movements!$D:$D,"OPENING",movements!$C:$C,"<"&B$1+1)+SUMIFS(movements!$H:$H,movements!$E:$E,$A5,movements!$D:$D,"RECEIPT",movements!$C:$C,"<"&B$1+1)-SUMIFS(movements!$H:$H,movements!$E:$E,$A5,movements!$D:$D,"ISSUE",movements!$C:$C,"<"&B$1+1) -> 70 | C5: =SUMIFS(movements!$H:$H,movements!$E:$E,$A5,movements!$D:$D,"OPENING",movements!$C:$C,"<"&C$1+1)+SUMIFS(movements!$H:$H,movements!$E:$E,$A5,movements!$D:$D,"RECEIPT",movements!$C:$C,"<"&C$1+1)-SUMIFS(movements!$H:$H,movements!$E:$E,$A5,movements!$D:$D,"ISSUE",movements!$C:$C,"<"&C$1+1) -> 61 | D5: =SUMIFS(movements!$H:$H,movements!$E:$E,$A5,movements!$D:$D,"OPENING",movements!$C:$C,"<"&D$1+1)+SUMIFS(movements!$H:$H,movements!$E:$E,$A5,movements!$D:$D,"RECEIPT",movements!$C:$C,"<"&D$1+1)-SUMIFS(movements!$H:$H,movements!$E:$E,$A5,movements!$D:$D,"ISSUE",movements!$C:$C,"<"&D$1+1) -> 48 | E5: =SUMIFS(movements!$H:$H,movements!$E:$E,$A5,movements!$D:$D,"OPENING",movements!$C:$C,"<"&E$1+1)+SUMIFS(movements!$H:$H,movements!$E:$E,$A5,movements!$D:$D,"RECEIPT",movements!$C:$C,"<"&E$1+1)-SUMIFS(movements!$H:$H,movements!$E:$E,$A5,movements!$D:$D,"ISSUE",movements!$C:$C,"<"&E$1+1) -> 43 | F5: =SUMIFS(movements!$H:$H,movements!$E:$E,$A5,movements!$D:$D,"OPENING",movements!$C:$C,"<"&F$1+1)+SUMIFS(movements!$H:$H,movements!$E:$E,$A5,movements!$D:$D,"RECEIPT",movements!$C:$C,"<"&F$1+1)-SUMIFS(movements!$H:$H,movements!$E:$E,$A5,movements!$D:$D,"ISSUE",movements!$C:$C,"<"&F$1+1) -> 22 | G5: =SUMIFS(movements!$H:$H,movements!$E:$E,$A5,movements!$D:$D,"OPENING",movements!$C:$C,"<"&G$1+1)+SUMIFS(movements!$H:$H,movements!$E:$E,$A5,movements!$D:$D,"RECEIPT",movements!$C:$C,"<"&G$1+1)-SUMIFS(movements!$H:$H,movements!$E:$E,$A5,movements!$D:$D,"ISSUE",movements!$C:$C,"<"&G$1+1) -> 15 | H5: =SUMIFS(movements!$H:$H,movements!$E:$E,$A5,movements!$D:$D,"OPENING",movements!$C:$C,"<"&H$1+1)+SUMIFS(movements!$H:$H,movements!$E:$E,$A5,movements!$D:$D,"RECEIPT",movements!$C:$C,"<"&H$1+1)-SUMIFS(movements!$H:$H,movements!$E:$E,$A5,movements!$D:$D,"ISSUE",movements!$C:$C,"<"&H$1+1) -> 4 | I5: =SUMIFS(movements!$H:$H,movements!$E:$E,$A5,movements!$D:$D,"OPENING",movements!$C:$C,"<"&I$1+1)+SUMIFS(movements!$H:$H,movements!$E:$E,$A5,movements!$D:$D,"RECEIPT",movements!$C:$C,"<"&I$1+1)-SUMIFS(movements!$H:$H,movements!$E:$E,$A5,movements!$D:$D,"ISSUE",movements!$C:$C,"<"&I$1+1) -> 57 | ... CM5: =SUMIFS(movements!$H:$H,movements!$E:$E,$A5,movements!$D:$D,"OPENING",movements!$C:$C,"<"&CM$1+1)+SUMIFS(movements!$H:$H,movements!$E:$E,$A5,movements!$D:$D,"RECEIPT",movements!$C:$C,"<"&CM$1+1)-SUMIFS(movements!$H:$H,movements!$E:$E,$A5,movements!$D:$D,"ISSUE",movements!$C:$C,"<"&CM$1+1) -> 17 | CN5: =AVERAGE(B5:CM5) -> 54.7 | CO5: =SUMIFS(movements!$H:$H,movements!$E:$E,$A5,movements!$D:$D,"ISSUE",movements!$C:$C,">="&$B$1,movements!$C:$C,"<"&($CM$1+1)) -> 984 | CP5: =IF(CN5=0,"无法计算",CO5/CN5) -> 17.989031 | CQ5: =IF(CO5=0,"期间无出库",IF(CN5=0,"无法计算",90/CP5)) -> 5.0030488
A6: SKU005 | B6: =SUMIFS(movements!$H:$H,movements!$E:$E,$A6,movements!$D:$D,"OPENING",movements!$C:$C,"<"&B$1+1)+SUMIFS(movements!$H:$H,movements!$E:$E,$A6,movements!$D:$D,"RECEIPT",movements!$C:$C,"<"&B$1+1)-SUMIFS(movements!$H:$H,movements!$E:$E,$A6,movements!$D:$D,"ISSUE",movements!$C:$C,"<"&B$1+1) -> 73 | C6: =SUMIFS(movements!$H:$H,movements!$E:$E,$A6,movements!$D:$D,"OPENING",movements!$C:$C,"<"&C$1+1)+SUMIFS(movements!$H:$H,movements!$E:$E,$A6,movements!$D:$D,"RECEIPT",movements!$C:$C,"<"&C$1+1)-SUMIFS(movements!$H:$H,movements!$E:$E,$A6,movements!$D:$D,"ISSUE",movements!$C:$C,"<"&C$1+1) -> 70 | D6: =SUMIFS(movements!$H:$H,movements!$E:$E,$A6,movements!$D:$D,"OPENING",movements!$C:$C,"<"&D$1+1)+SUMIFS(movements!$H:$H,movements!$E:$E,$A6,movements!$D:$D,"RECEIPT",movements!$C:$C,"<"&D$1+1)-SUMIFS(movements!$H:$H,movements!$E:$E,$A6,movements!$D:$D,"ISSUE",movements!$C:$C,"<"&D$1+1) -> 61 | E6: =SUMIFS(movements!$H:$H,movements!$E:$E,$A6,movements!$D:$D,"OPENING",movements!$C:$C,"<"&E$1+1)+SUMIFS(movements!$H:$H,movements!$E:$E,$A6,movements!$D:$D,"RECEIPT",movements!$C:$C,"<"&E$1+1)-SUMIFS(movements!$H:$H,movements!$E:$E,$A6,movements!$D:$D,"ISSUE",movements!$C:$C,"<"&E$1+1) -> 51 | F6: =SUMIFS(movements!$H:$H,movements!$E:$E,$A6,movements!$D:$D,"OPENING",movements!$C:$C,"<"&F$1+1)+SUMIFS(movements!$H:$H,movements!$E:$E,$A6,movements!$D:$D,"RECEIPT",movements!$C:$C,"<"&F$1+1)-SUMIFS(movements!$H:$H,movements!$E:$E,$A6,movements!$D:$D,"ISSUE",movements!$C:$C,"<"&F$1+1) -> 28 | G6: =SUMIFS(movements!$H:$H,movements!$E:$E,$A6,movements!$D:$D,"OPENING",movements!$C:$C,"<"&G$1+1)+SUMIFS(movements!$H:$H,movements!$E:$E,$A6,movements!$D:$D,"RECEIPT",movements!$C:$C,"<"&G$1+1)-SUMIFS(movements!$H:$H,movements!$E:$E,$A6,movements!$D:$D,"ISSUE",movements!$C:$C,"<"&G$1+1) -> 15 | H6: =SUMIFS(movements!$H:$H,movements!$E:$E,$A6,movements!$D:$D,"OPENING",movements!$C:$C,"<"&H$1+1)+SUMIFS(movements!$H:$H,movements!$E:$E,$A6,movements!$D:$D,"RECEIPT",movements!$C:$C,"<"&H$1+1)-SUMIFS(movements!$H:$H,movements!$E:$E,$A6,movements!$D:$D,"ISSUE",movements!$C:$C,"<"&H$1+1) -> 10 | I6: =SUMIFS(movements!$H:$H,movements!$E:$E,$A6,movements!$D:$D,"OPENING",movements!$C:$C,"<"&I$1+1)+SUMIFS(movements!$H:$H,movements!$E:$E,$A6,movements!$D:$D,"RECEIPT",movements!$C:$C,"<"&I$1+1)-SUMIFS(movements!$H:$H,movements!$E:$E,$A6,movements!$D:$D,"ISSUE",movements!$C:$C,"<"&I$1+1) -> 104 | ... CM6: =SUMIFS(movements!$H:$H,movements!$E:$E,$A6,movements!$D:$D,"OPENING",movements!$C:$C,"<"&CM$1+1)+SUMIFS(movements!$H:$H,movements!$E:$E,$A6,movements!$D:$D,"RECEIPT",movements!$C:$C,"<"&CM$1+1)-SUMIFS(movements!$H:$H,movements!$E:$E,$A6,movements!$D:$D,"ISSUE",movements!$C:$C,"<"&CM$1+1) -> 122 | CN6: =AVERAGE(B6:CM6) -> 102.87778 | CO6: =SUMIFS(movements!$H:$H,movements!$E:$E,$A6,movements!$D:$D,"ISSUE",movements!$C:$C,">="&$B$1,movements!$C:$C,"<"&($CM$1+1)) -> 903 | CP6: =IF(CN6=0,"无法计算",CO6/CN6) -> 8.7774058 | CQ6: =IF(CO6=0,"期间无出库",IF(CN6=0,"无法计算",90/CP6)) -> 10.253599
A7: SKU006 | B7: =SUMIFS(movements!$H:$H,movements!$E:$E,$A7,movements!$D:$D,"OPENING",movements!$C:$C,"<"&B$1+1)+SUMIFS(movements!$H:$H,movements!$E:$E,$A7,movements!$D:$D,"RECEIPT",movements!$C:$C,"<"&B$1+1)-SUMIFS(movements!$H:$H,movements!$E:$E,$A7,movements!$D:$D,"ISSUE",movements!$C:$C,"<"&B$1+1) -> 73 | C7: =SUMIFS(movements!$H:$H,movements!$E:$E,$A7,movements!$D:$D,"OPENING",movements!$C:$C,"<"&C$1+1)+SUMIFS(movements!$H:$H,movements!$E:$E,$A7,movements!$D:$D,"RECEIPT",movements!$C:$C,"<"&C$1+1)-SUMIFS(movements!$H:$H,movements!$E:$E,$A7,movements!$D:$D,"ISSUE",movements!$C:$C,"<"&C$1+1) -> 65 | D7: =SUMIFS(movements!$H:$H,movements!$E:$E,$A7,movements!$D:$D,"OPENING",movements!$C:$C,"<"&D$1+1)+SUMIFS(movements!$H:$H,movements!$E:$E,$A7,movements!$D:$D,"RECEIPT",movements!$C:$C,"<"&D$1+1)-SUMIFS(movements!$H:$H,movements!$E:$E,$A7,movements!$D:$D,"ISSUE",movements!$C:$C,"<"&D$1+1) -> 62 | E7: =SUMIFS(movements!$H:$H,movements!$E:$E,$A7,movements!$D:$D,"OPENING",movements!$C:$C,"<"&E$1+1)+SUMIFS(movements!$H:$H,movements!$E:$E,$A7,movements!$D:$D,"RECEIPT",movements!$C:$C,"<"&E$1+1)-SUMIFS(movements!$H:$H,movements!$E:$E,$A7,movements!$D:$D,"ISSUE",movements!$C:$C,"<"&E$1+1) -> 51 | F7: =SUMIFS(movements!$H:$H,movements!$E:$E,$A7,movements!$D:$D,"OPENING",movements!$C:$C,"<"&F$1+1)+SUMIFS(movements!$H:$H,movements!$E:$E,$A7,movements!$D:$D,"RECEIPT",movements!$C:$C,"<"&F$1+1)-SUMIFS(movements!$H:$H,movements!$E:$E,$A7,movements!$D:$D,"ISSUE",movements!$C:$C,"<"&F$1+1) -> 38 | G7: =SUMIFS(movements!$H:$H,movements!$E:$E,$A7,movements!$D:$D,"OPENING",movements!$C:$C,"<"&G$1+1)+SUMIFS(movements!$H:$H,movements!$E:$E,$A7,movements!$D:$D,"RECEIPT",movements!$C:$C,"<"&G$1+1)-SUMIFS(movements!$H:$H,movements!$E:$E,$A7,movements!$D:$D,"ISSUE",movements!$C:$C,"<"&G$1+1) -> 28 | H7: =SUMIFS(movements!$H:$H,movements!$E:$E,$A7,movements!$D:$D,"OPENING",movements!$C:$C,"<"&H$1+1)+SUMIFS(movements!$H:$H,movements!$E:$E,$A7,movements!$D:$D,"RECEIPT",movements!$C:$C,"<"&H$1+1)-SUMIFS(movements!$H:$H,movements!$E:$E,$A7,movements!$D:$D,"ISSUE",movements!$C:$C,"<"&H$1+1) -> 18 | I7: =SUMIFS(movements!$H:$H,movements!$E:$E,$A7,movements!$D:$D,"OPENING",movements!$C:$C,"<"&I$1+1)+SUMIFS(movements!$H:$H,movements!$E:$E,$A7,movements!$D:$D,"RECEIPT",movements!$C:$C,"<"&I$1+1)-SUMIFS(movements!$H:$H,movements!$E:$E,$A7,movements!$D:$D,"ISSUE",movements!$C:$C,"<"&I$1+1) -> 78 | ... CM7: =SUMIFS(movements!$H:$H,movements!$E:$E,$A7,movements!$D:$D,"OPENING",movements!$C:$C,"<"&CM$1+1)+SUMIFS(movements!$H:$H,movements!$E:$E,$A7,movements!$D:$D,"RECEIPT",movements!$C:$C,"<"&CM$1+1)-SUMIFS(movements!$H:$H,movements!$E:$E,$A7,movements!$D:$D,"ISSUE",movements!$C:$C,"<"&CM$1+1) -> 158 | CN7: =AVERAGE(B7:CM7) -> 108.74444 | CO7: =SUMIFS(movements!$H:$H,movements!$E:$E,$A7,movements!$D:$D,"ISSUE",movements!$C:$C,">="&$B$1,movements!$C:$C,"<"&($CM$1+1)) -> 908 | CP7: =IF(CN7=0,"无法计算",CO7/CN7) -> 8.3498518 | CQ7: =IF(CO7=0,"期间无出库",IF(CN7=0,"无法计算",90/CP7)) -> 10.778634
A8: SKU007 | B8: =SUMIFS(movements!$H:$H,movements!$E:$E,$A8,movements!$D:$D,"OPENING",movements!$C:$C,"<"&B$1+1)+SUMIFS(movements!$H:$H,movements!$E:$E,$A8,movements!$D:$D,"RECEIPT",movements!$C:$C,"<"&B$1+1)-SUMIFS(movements!$H:$H,movements!$E:$E,$A8,movements!$D:$D,"ISSUE",movements!$C:$C,"<"&B$1+1) -> 78 | C8: =SUMIFS(movements!$H:$H,movements!$E:$E,$A8,movements!$D:$D,"OPENING",movements!$C:$C,"<"&C$1+1)+SUMIFS(movements!$H:$H,movements!$E:$E,$A8,movements!$D:$D,"RECEIPT",movements!$C:$C,"<"&C$1+1)-SUMIFS(movements!$H:$H,movements!$E:$E,$A8,movements!$D:$D,"ISSUE",movements!$C:$C,"<"&C$1+1) -> 78 | D8: =SUMIFS(movements!$H:$H,movements!$E:$E,$A8,movements!$D:$D,"OPENING",movements!$C:$C,"<"&D$1+1)+SUMIFS(movements!$H:$H,movements!$E:$E,$A8,movements!$D:$D,"RECEIPT",movements!$C:$C,"<"&D$1+1)-SUMIFS(movements!$H:$H,movements!$E:$E,$A8,movements!$D:$D,"ISSUE",movements!$C:$C,"<"&D$1+1) -> 71 | E8: =SUMIFS(movements!$H:$H,movements!$E:$E,$A8,movements!$D:$D,"OPENING",movements!$C:$C,"<"&E$1+1)+SUMIFS(movements!$H:$H,movements!$E:$E,$A8,movements!$D:$D,"RECEIPT",movements!$C:$C,"<"&E$1+1)-SUMIFS(movements!$H:$H,movements!$E:$E,$A8,movements!$D:$D,"ISSUE",movements!$C:$C,"<"&E$1+1) -> 71 | F8: =SUMIFS(movements!$H:$H,movements!$E:$E,$A8,movements!$D:$D,"OPENING",movements!$C:$C,"<"&F$1+1)+SUMIFS(movements!$H:$H,movements!$E:$E,$A8,movements!$D:$D,"RECEIPT",movements!$C:$C,"<"&F$1+1)-SUMIFS(movements!$H:$H,movements!$E:$E,$A8,movements!$D:$D,"ISSUE",movements!$C:$C,"<"&F$1+1) -> 69 | G8: =SUMIFS(movements!$H:$H,movements!$E:$E,$A8,movements!$D:$D,"OPENING",movements!$C:$C,"<"&G$1+1)+SUMIFS(movements!$H:$H,movements!$E:$E,$A8,movements!$D:$D,"RECEIPT",movements!$C:$C,"<"&G$1+1)-SUMIFS(movements!$H:$H,movements!$E:$E,$A8,movements!$D:$D,"ISSUE",movements!$C:$C,"<"&G$1+1) -> 65 | H8: =SUMIFS(movements!$H:$H,movements!$E:$E,$A8,movements!$D:$D,"OPENING",movements!$C:$C,"<"&H$1+1)+SUMIFS(movements!$H:$H,movements!$E:$E,$A8,movements!$D:$D,"RECEIPT",movements!$C:$C,"<"&H$1+1)-SUMIFS(movements!$H:$H,movements!$E:$E,$A8,movements!$D:$D,"ISSUE",movements!$C:$C,"<"&H$1+1) -> 56 | I8: =SUMIFS(movements!$H:$H,movements!$E:$E,$A8,movements!$D:$D,"OPENING",movements!$C:$C,"<"&I$1+1)+SUMIFS(movements!$H:$H,movements!$E:$E,$A8,movements!$D:$D,"RECEIPT",movements!$C:$C,"<"&I$1+1)-SUMIFS(movements!$H:$H,movements!$E:$E,$A8,movements!$D:$D,"ISSUE",movements!$C:$C,"<"&I$1+1) -> 151 | ... CM8: =SUMIFS(movements!$H:$H,movements!$E:$E,$A8,movements!$D:$D,"OPENING",movements!$C:$C,"<"&CM$1+1)+SUMIFS(movements!$H:$H,movements!$E:$E,$A8,movements!$D:$D,"RECEIPT",movements!$C:$C,"<"&CM$1+1)-SUMIFS(movements!$H:$H,movements!$E:$E,$A8,movements!$D:$D,"ISSUE",movements!$C:$C,"<"&CM$1+1) -> 138 | CN8: =AVERAGE(B8:CM8) -> 124.73333 | CO8: =SUMIFS(movements!$H:$H,movements!$E:$E,$A8,movements!$D:$D,"ISSUE",movements!$C:$C,">="&$B$1,movements!$C:$C,"<"&($CM$1+1)) -> 402 | CP8: =IF(CN8=0,"无法计算",CO8/CN8) -> 3.2228755 | CQ8: =IF(CO8=0,"期间无出库",IF(CN8=0,"无法计算",90/CP8)) -> 27.925373
A9: SKU008 | B9: =SUMIFS(movements!$H:$H,movements!$E:$E,$A9,movements!$D:$D,"OPENING",movements!$C:$C,"<"&B$1+1)+SUMIFS(movements!$H:$H,movements!$E:$E,$A9,movements!$D:$D,"RECEIPT",movements!$C:$C,"<"&B$1+1)-SUMIFS(movements!$H:$H,movements!$E:$E,$A9,movements!$D:$D,"ISSUE",movements!$C:$C,"<"&B$1+1) -> 80 | C9: =SUMIFS(movements!$H:$H,movements!$E:$E,$A9,movements!$D:$D,"OPENING",movements!$C:$C,"<"&C$1+1)+SUMIFS(movements!$H:$H,movements!$E:$E,$A9,movements!$D:$D,"RECEIPT",movements!$C:$C,"<"&C$1+1)-SUMIFS(movements!$H:$H,movements!$E:$E,$A9,movements!$D:$D,"ISSUE",movements!$C:$C,"<"&C$1+1) -> 79 | D9: =SUMIFS(movements!$H:$H,movements!$E:$E,$A9,movements!$D:$D,"OPENING",movements!$C:$C,"<"&D$1+1)+SUMIFS(movements!$H:$H,movements!$E:$E,$A9,movements!$D:$D,"RECEIPT",movements!$C:$C,"<"&D$1+1)-SUMIFS(movements!$H:$H,movements!$E:$E,$A9,movements!$D:$D,"ISSUE",movements!$C:$C,"<"&D$1+1) -> 76 | E9: =SUMIFS(movements!$H:$H,movements!$E:$E,$A9,movements!$D:$D,"OPENING",movements!$C:$C,"<"&E$1+1)+SUMIFS(movements!$H:$H,movements!$E:$E,$A9,movements!$D:$D,"RECEIPT",movements!$C:$C,"<"&E$1+1)-SUMIFS(movements!$H:$H,movements!$E:$E,$A9,movements!$D:$D,"ISSUE",movements!$C:$C,"<"&E$1+1) -> 69 | F9: =SUMIFS(movements!$H:$H,movements!$E:$E,$A9,movements!$D:$D,"OPENING",movements!$C:$C,"<"&F$1+1)+SUMIFS(movements!$H:$H,movements!$E:$E,$A9,movements!$D:$D,"RECEIPT",movements!$C:$C,"<"&F$1+1)-SUMIFS(movements!$H:$H,movements!$E:$E,$A9,movements!$D:$D,"ISSUE",movements!$C:$C,"<"&F$1+1) -> 60 | G9: =SUMIFS(movements!$H:$H,movements!$E:$E,$A9,movements!$D:$D,"OPENING",movements!$C:$C,"<"&G$1+1)+SUMIFS(movements!$H:$H,movements!$E:$E,$A9,movements!$D:$D,"RECEIPT",movements!$C:$C,"<"&G$1+1)-SUMIFS(movements!$H:$H,movements!$E:$E,$A9,movements!$D:$D,"ISSUE",movements!$C:$C,"<"&G$1+1) -> 55 | H9: =SUMIFS(movements!$H:$H,movements!$E:$E,$A9,movements!$D:$D,"OPENING",movements!$C:$C,"<"&H$1+1)+SUMIFS(movements!$H:$H,movements!$E:$E,$A9,movements!$D:$D,"RECEIPT",movements!$C:$C,"<"&H$1+1)-SUMIFS(movements!$H:$H,movements!$E:$E,$A9,movements!$D:$D,"ISSUE",movements!$C:$C,"<"&H$1+1) -> 49 | I9: =SUMIFS(movements!$H:$H,movements!$E:$E,$A9,movements!$D:$D,"OPENING",movements!$C:$C,"<"&I$1+1)+SUMIFS(movements!$H:$H,movements!$E:$E,$A9,movements!$D:$D,"RECEIPT",movements!$C:$C,"<"&I$1+1)-SUMIFS(movements!$H:$H,movements!$E:$E,$A9,movements!$D:$D,"ISSUE",movements!$C:$C,"<"&I$1+1) -> 136 | ... CM9: =SUMIFS(movements!$H:$H,movements!$E:$E,$A9,movements!$D:$D,"OPENING",movements!$C:$C,"<"&CM$1+1)+SUMIFS(movements!$H:$H,movements!$E:$E,$A9,movements!$D:$D,"RECEIPT",movements!$C:$C,"<"&CM$1+1)-SUMIFS(movements!$H:$H,movements!$E:$E,$A9,movements!$D:$D,"ISSUE",movements!$C:$C,"<"&CM$1+1) -> 94 | CN9: =AVERAGE(B9:CM9) -> 125.06667 | CO9: =SUMIFS(movements!$H:$H,movements!$E:$E,$A9,movements!$D:$D,"ISSUE",movements!$C:$C,">="&$B$1,movements!$C:$C,"<"&($CM$1+1)) -> 403 | CP9: =IF(CN9=0,"无法计算",CO9/CN9) -> 3.2222814 | CQ9: =IF(CO9=0,"期间无出库",IF(CN9=0,"无法计算",90/CP9)) -> 27.930521
A10: SKU009 | B10: =SUMIFS(movements!$H:$H,movements!$E:$E,$A10,movements!$D:$D,"OPENING",movements!$C:$C,"<"&B$1+1)+SUMIFS(movements!$H:$H,movements!$E:$E,$A10,movements!$D:$D,"RECEIPT",movements!$C:$C,"<"&B$1+1)-SUMIFS(movements!$H:$H,movements!$E:$E,$A10,movements!$D:$D,"ISSUE",movements!$C:$C,"<"&B$1+1) -> 80 | C10: =SUMIFS(movements!$H:$H,movements!$E:$E,$A10,movements!$D:$D,"OPENING",movements!$C:$C,"<"&C$1+1)+SUMIFS(movements!$H:$H,movements!$E:$E,$A10,movements!$D:$D,"RECEIPT",movements!$C:$C,"<"&C$1+1)-SUMIFS(movements!$H:$H,movements!$E:$E,$A10,movements!$D:$D,"ISSUE",movements!$C:$C,"<"&C$1+1) -> 77 | D10: =SUMIFS(movements!$H:$H,movements!$E:$E,$A10,movements!$D:$D,"OPENING",movements!$C:$C,"<"&D$1+1)+SUMIFS(movements!$H:$H,movements!$E:$E,$A10,movements!$D:$D,"RECEIPT",movements!$C:$C,"<"&D$1+1)-SUMIFS(movements!$H:$H,movements!$E:$E,$A10,movements!$D:$D,"ISSUE",movements!$C:$C,"<"&D$1+1) -> 70 | E10: =SUMIFS(movements!$H:$H,movements!$E:$E,$A10,movements!$D:$D,"OPENING",movements!$C:$C,"<"&E$1+1)+SUMIFS(movements!$H:$H,movements!$E:$E,$A10,movements!$D:$D,"RECEIPT",movements!$C:$C,"<"&E$1+1)-SUMIFS(movements!$H:$H,movements!$E:$E,$A10,movements!$D:$D,"ISSUE",movements!$C:$C,"<"&E$1+1) -> 70 | F10: =SUMIFS(movements!$H:$H,movements!$E:$E,$A10,movements!$D:$D,"OPENING",movements!$C:$C,"<"&F$1+1)+SUMIFS(movements!$H:$H,movements!$E:$E,$A10,movements!$D:$D,"RECEIPT",movements!$C:$C,"<"&F$1+1)-SUMIFS(movements!$H:$H,movements!$E:$E,$A10,movements!$D:$D,"ISSUE",movements!$C:$C,"<"&F$1+1) -> 68 | G10: =SUMIFS(movements!$H:$H,movements!$E:$E,$A10,movements!$D:$D,"OPENING",movements!$C:$C,"<"&G$1+1)+SUMIFS(movements!$H:$H,movements!$E:$E,$A10,movements!$D:$D,"RECEIPT",movements!$C:$C,"<"&G$1+1)-SUMIFS(movements!$H:$H,movements!$E:$E,$A10,movements!$D:$D,"ISSUE",movements!$C:$C,"<"&G$1+1) -> 58 | H10: =SUMIFS(movements!$H:$H,movements!$E:$E,$A10,movements!$D:$D,"OPENING",movements!$C:$C,"<"&H$1+1)+SUMIFS(movements!$H:$H,movements!$E:$E,$A10,movements!$D:$D,"RECEIPT",movements!$C:$C,"<"&H$1+1)-SUMIFS(movements!$H:$H,movements!$E:$E,$A10,movements!$D:$D,"ISSUE",movements!$C:$C,"<"&H$1+1) -> 48 | I10: =SUMIFS(movements!$H:$H,movements!$E:$E,$A10,movements!$D:$D,"OPENING",movements!$C:$C,"<"&I$1+1)+SUMIFS(movements!$H:$H,movements!$E:$E,$A10,movements!$D:$D,"RECEIPT",movements!$C:$C,"<"&I$1+1)-SUMIFS(movements!$H:$H,movements!$E:$E,$A10,movements!$D:$D,"ISSUE",movements!$C:$C,"<"&I$1+1) -> 115 | ... CM10: =SUMIFS(movements!$H:$H,movements!$E:$E,$A10,movements!$D:$D,"OPENING",movements!$C:$C,"<"&CM$1+1)+SUMIFS(movements!$H:$H,movements!$E:$E,$A10,movements!$D:$D,"RECEIPT",movements!$C:$C,"<"&CM$1+1)-SUMIFS(movements!$H:$H,movements!$E:$E,$A10,movements!$D:$D,"ISSUE",movements!$C:$C,"<"&CM$1+1) -> 140 | CN10: =AVERAGE(B10:CM10) -> 117.72222 | CO10: =SUMIFS(movements!$H:$H,movements!$E:$E,$A10,movements!$D:$D,"ISSUE",movements!$C:$C,">="&$B$1,movements!$C:$C,"<"&($CM$1+1)) -> 477 | CP10: =IF(CN10=0,"无法计算",CO10/CN10) -> 4.0519113 | CQ10: =IF(CO10=0,"期间无出库",IF(CN10=0,"无法计算",90/CP10)) -> 22.21174
A11: SKU010 | B11: =SUMIFS(movements!$H:$H,movements!$E:$E,$A11,movements!$D:$D,"OPENING",movements!$C:$C,"<"&B$1+1)+SUMIFS(movements!$H:$H,movements!$E:$E,$A11,movements!$D:$D,"RECEIPT",movements!$C:$C,"<"&B$1+1)-SUMIFS(movements!$H:$H,movements!$E:$E,$A11,movements!$D:$D,"ISSUE",movements!$C:$C,"<"&B$1+1) -> 80 | C11: =SUMIFS(movements!$H:$H,movements!$E:$E,$A11,movements!$D:$D,"OPENING",movements!$C:$C,"<"&C$1+1)+SUMIFS(movements!$H:$H,movements!$E:$E,$A11,movements!$D:$D,"RECEIPT",movements!$C:$C,"<"&C$1+1)-SUMIFS(movements!$H:$H,movements!$E:$E,$A11,movements!$D:$D,"ISSUE",movements!$C:$C,"<"&C$1+1) -> 80 | D11: =SUMIFS(movements!$H:$H,movements!$E:$E,$A11,movements!$D:$D,"OPENING",movements!$C:$C,"<"&D$1+1)+SUMIFS(movements!$H:$H,movements!$E:$E,$A11,movements!$D:$D,"RECEIPT",movements!$C:$C,"<"&D$1+1)-SUMIFS(movements!$H:$H,movements!$E:$E,$A11,movements!$D:$D,"ISSUE",movements!$C:$C,"<"&D$1+1) -> 80 | E11: =SUMIFS(movements!$H:$H,movements!$E:$E,$A11,movements!$D:$D,"OPENING",movements!$C:$C,"<"&E$1+1)+SUMIFS(movements!$H:$H,movements!$E:$E,$A11,movements!$D:$D,"RECEIPT",movements!$C:$C,"<"&E$1+1)-SUMIFS(movements!$H:$H,movements!$E:$E,$A11,movements!$D:$D,"ISSUE",movements!$C:$C,"<"&E$1+1) -> 80 | F11: =SUMIFS(movements!$H:$H,movements!$E:$E,$A11,movements!$D:$D,"OPENING",movements!$C:$C,"<"&F$1+1)+SUMIFS(movements!$H:$H,movements!$E:$E,$A11,movements!$D:$D,"RECEIPT",movements!$C:$C,"<"&F$1+1)-SUMIFS(movements!$H:$H,movements!$E:$E,$A11,movements!$D:$D,"ISSUE",movements!$C:$C,"<"&F$1+1) -> 80 | G11: =SUMIFS(movements!$H:$H,movements!$E:$E,$A11,movements!$D:$D,"OPENING",movements!$C:$C,"<"&G$1+1)+SUMIFS(movements!$H:$H,movements!$E:$E,$A11,movements!$D:$D,"RECEIPT",movements!$C:$C,"<"&G$1+1)-SUMIFS(movements!$H:$H,movements!$E:$E,$A11,movements!$D:$D,"ISSUE",movements!$C:$C,"<"&G$1+1) -> 80 | H11: =SUMIFS(movements!$H:$H,movements!$E:$E,$A11,movements!$D:$D,"OPENING",movements!$C:$C,"<"&H$1+1)+SUMIFS(movements!$H:$H,movements!$E:$E,$A11,movements!$D:$D,"RECEIPT",movements!$C:$C,"<"&H$1+1)-SUMIFS(movements!$H:$H,movements!$E:$E,$A11,movements!$D:$D,"ISSUE",movements!$C:$C,"<"&H$1+1) -> 80 | I11: =SUMIFS(movements!$H:$H,movements!$E:$E,$A11,movements!$D:$D,"OPENING",movements!$C:$C,"<"&I$1+1)+SUMIFS(movements!$H:$H,movements!$E:$E,$A11,movements!$D:$D,"RECEIPT",movements!$C:$C,"<"&I$1+1)-SUMIFS(movements!$H:$H,movements!$E:$E,$A11,movements!$D:$D,"ISSUE",movements!$C:$C,"<"&I$1+1) -> 166 | ... CM11: =SUMIFS(movements!$H:$H,movements!$E:$E,$A11,movements!$D:$D,"OPENING",movements!$C:$C,"<"&CM$1+1)+SUMIFS(movements!$H:$H,movements!$E:$E,$A11,movements!$D:$D,"RECEIPT",movements!$C:$C,"<"&CM$1+1)-SUMIFS(movements!$H:$H,movements!$E:$E,$A11,movements!$D:$D,"ISSUE",movements!$C:$C,"<"&CM$1+1) -> 237 | CN11: =AVERAGE(B11:CM11) -> 180.61111 | CO11: =SUMIFS(movements!$H:$H,movements!$E:$E,$A11,movements!$D:$D,"ISSUE",movements!$C:$C,">="&$B$1,movements!$C:$C,"<"&($CM$1+1)) -> 0 | CP11: =IF(CN11=0,"无法计算",CO11/CN11) -> 0 | CQ11: =IF(CO11=0,"期间无出库",IF(CN11=0,"无法计算",90/CP11)) -> 期间无出库
A12: SKU011 | B12: =SUMIFS(movements!$H:$H,movements!$E:$E,$A12,movements!$D:$D,"OPENING",movements!$C:$C,"<"&B$1+1)+SUMIFS(movements!$H:$H,movements!$E:$E,$A12,movements!$D:$D,"RECEIPT",movements!$C:$C,"<"&B$1+1)-SUMIFS(movements!$H:$H,movements!$E:$E,$A12,movements!$D:$D,"ISSUE",movements!$C:$C,"<"&B$1+1) -> 71 | C12: =SUMIFS(movements!$H:$H,movements!$E:$E,$A12,movements!$D:$D,"OPENING",movements!$C:$C,"<"&C$1+1)+SUMIFS(movements!$H:$H,movements!$E:$E,$A12,movements!$D:$D,"RECEIPT",movements!$C:$C,"<"&C$1+1)-SUMIFS(movements!$H:$H,movements!$E:$E,$A12,movements!$D:$D,"ISSUE",movements!$C:$C,"<"&C$1+1) -> 66 | D12: =SUMIFS(movements!$H:$H,movements!$E:$E,$A12,movements!$D:$D,"OPENING",movements!$C:$C,"<"&D$1+1)+SUMIFS(movements!$H:$H,movements!$E:$E,$A12,movements!$D:$D,"RECEIPT",movements!$C:$C,"<"&D$1+1)-SUMIFS(movements!$H:$H,movements!$E:$E,$A12,movements!$D:$D,"ISSUE",movements!$C:$C,"<"&D$1+1) -> 60 | E12: =SUMIFS(movements!$H:$H,movements!$E:$E,$A12,movements!$D:$D,"OPENING",movements!$C:$C,"<"&E$1+1)+SUMIFS(movements!$H:$H,movements!$E:$E,$A12,movements!$D:$D,"RECEIPT",movements!$C:$C,"<"&E$1+1)-SUMIFS(movements!$H:$H,movements!$E:$E,$A12,movements!$D:$D,"ISSUE",movements!$C:$C,"<"&E$1+1) -> 54 | F12: =SUMIFS(movements!$H:$H,movements!$E:$E,$A12,movements!$D:$D,"OPENING",movements!$C:$C,"<"&F$1+1)+SUMIFS(movements!$H:$H,movements!$E:$E,$A12,movements!$D:$D,"RECEIPT",movements!$C:$C,"<"&F$1+1)-SUMIFS(movements!$H:$H,movements!$E:$E,$A12,movements!$D:$D,"ISSUE",movements!$C:$C,"<"&F$1+1) -> 50 | G12: =SUMIFS(movements!$H:$H,movements!$E:$E,$A12,movements!$D:$D,"OPENING",movements!$C:$C,"<"&G$1+1)+SUMIFS(movements!$H:$H,movements!$E:$E,$A12,movements!$D:$D,"RECEIPT",movements!$C:$C,"<"&G$1+1)-SUMIFS(movements!$H:$H,movements!$E:$E,$A12,movements!$D:$D,"ISSUE",movements!$C:$C,"<"&G$1+1) -> 47 | H12: =SUMIFS(movements!$H:$H,movements!$E:$E,$A12,movements!$D:$D,"OPENING",movements!$C:$C,"<"&H$1+1)+SUMIFS(movements!$H:$H,movements!$E:$E,$A12,movements!$D:$D,"RECEIPT",movements!$C:$C,"<"&H$1+1)-SUMIFS(movements!$H:$H,movements!$E:$E,$A12,movements!$D:$D,"ISSUE",movements!$C:$C,"<"&H$1+1) -> 37 | I12: =SUMIFS(movements!$H:$H,movements!$E:$E,$A12,movements!$D:$D,"OPENING",movements!$C:$C,"<"&I$1+1)+SUMIFS(movements!$H:$H,movements!$E:$E,$A12,movements!$D:$D,"RECEIPT",movements!$C:$C,"<"&I$1+1)-SUMIFS(movements!$H:$H,movements!$E:$E,$A12,movements!$D:$D,"ISSUE",movements!$C:$C,"<"&I$1+1) -> 114 | ... CM12: =SUMIFS(movements!$H:$H,movements!$E:$E,$A12,movements!$D:$D,"OPENING",movements!$C:$C,"<"&CM$1+1)+SUMIFS(movements!$H:$H,movements!$E:$E,$A12,movements!$D:$D,"RECEIPT",movements!$C:$C,"<"&CM$1+1)-SUMIFS(movements!$H:$H,movements!$E:$E,$A12,movements!$D:$D,"ISSUE",movements!$C:$C,"<"&CM$1+1) -> 116 | CN12: =AVERAGE(B12:CM12) -> 124.25556 | CO12: =SUMIFS(movements!$H:$H,movements!$E:$E,$A12,movements!$D:$D,"ISSUE",movements!$C:$C,">="&$B$1,movements!$C:$C,"<"&($CM$1+1)) -> 463 | CP12: =IF(CN12=0,"无法计算",CO12/CN12) -> 3.7261915 | CQ12: =IF(CO12=0,"期间无出库",IF(CN12=0,"无法计算",90/CP12)) -> 24.153348
A13: SKU012 | B13: =SUMIFS(movements!$H:$H,movements!$E:$E,$A13,movements!$D:$D,"OPENING",movements!$C:$C,"<"&B$1+1)+SUMIFS(movements!$H:$H,movements!$E:$E,$A13,movements!$D:$D,"RECEIPT",movements!$C:$C,"<"&B$1+1)-SUMIFS(movements!$H:$H,movements!$E:$E,$A13,movements!$D:$D,"ISSUE",movements!$C:$C,"<"&B$1+1) -> 79 | C13: =SUMIFS(movements!$H:$H,movements!$E:$E,$A13,movements!$D:$D,"OPENING",movements!$C:$C,"<"&C$1+1)+SUMIFS(movements!$H:$H,movements!$E:$E,$A13,movements!$D:$D,"RECEIPT",movements!$C:$C,"<"&C$1+1)-SUMIFS(movements!$H:$H,movements!$E:$E,$A13,movements!$D:$D,"ISSUE",movements!$C:$C,"<"&C$1+1) -> 74 | D13: =SUMIFS(movements!$H:$H,movements!$E:$E,$A13,movements!$D:$D,"OPENING",movements!$C:$C,"<"&D$1+1)+SUMIFS(movements!$H:$H,movements!$E:$E,$A13,movements!$D:$D,"RECEIPT",movements!$C:$C,"<"&D$1+1)-SUMIFS(movements!$H:$H,movements!$E:$E,$A13,movements!$D:$D,"ISSUE",movements!$C:$C,"<"&D$1+1) -> 70 | E13: =SUMIFS(movements!$H:$H,movements!$E:$E,$A13,movements!$D:$D,"OPENING",movements!$C:$C,"<"&E$1+1)+SUMIFS(movements!$H:$H,movements!$E:$E,$A13,movements!$D:$D,"RECEIPT",movements!$C:$C,"<"&E$1+1)-SUMIFS(movements!$H:$H,movements!$E:$E,$A13,movements!$D:$D,"ISSUE",movements!$C:$C,"<"&E$1+1) -> 69 | F13: =SUMIFS(movements!$H:$H,movements!$E:$E,$A13,movements!$D:$D,"OPENING",movements!$C:$C,"<"&F$1+1)+SUMIFS(movements!$H:$H,movements!$E:$E,$A13,movements!$D:$D,"RECEIPT",movements!$C:$C,"<"&F$1+1)-SUMIFS(movements!$H:$H,movements!$E:$E,$A13,movements!$D:$D,"ISSUE",movements!$C:$C,"<"&F$1+1) -> 64 | G13: =SUMIFS(movements!$H:$H,movements!$E:$E,$A13,movements!$D:$D,"OPENING",movements!$C:$C,"<"&G$1+1)+SUMIFS(movements!$H:$H,movements!$E:$E,$A13,movements!$D:$D,"RECEIPT",movements!$C:$C,"<"&G$1+1)-SUMIFS(movements!$H:$H,movements!$E:$E,$A13,movements!$D:$D,"ISSUE",movements!$C:$C,"<"&G$1+1) -> 57 | H13: =SUMIFS(movements!$H:$H,movements!$E:$E,$A13,movements!$D:$D,"OPENING",movements!$C:$C,"<"&H$1+1)+SUMIFS(movements!$H:$H,movements!$E:$E,$A13,movements!$D:$D,"RECEIPT",movements!$C:$C,"<"&H$1+1)-SUMIFS(movements!$H:$H,movements!$E:$E,$A13,movements!$D:$D,"ISSUE",movements!$C:$C,"<"&H$1+1) -> 54 | I13: =SUMIFS(movements!$H:$H,movements!$E:$E,$A13,movements!$D:$D,"OPENING",movements!$C:$C,"<"&I$1+1)+SUMIFS(movements!$H:$H,movements!$E:$E,$A13,movements!$D:$D,"RECEIPT",movements!$C:$C,"<"&I$1+1)-SUMIFS(movements!$H:$H,movements!$E:$E,$A13,movements!$D:$D,"ISSUE",movements!$C:$C,"<"&I$1+1) -> 113 | ... CM13: =SUMIFS(movements!$H:$H,movements!$E:$E,$A13,movements!$D:$D,"OPENING",movements!$C:$C,"<"&CM$1+1)+SUMIFS(movements!$H:$H,movements!$E:$E,$A13,movements!$D:$D,"RECEIPT",movements!$C:$C,"<"&CM$1+1)-SUMIFS(movements!$H:$H,movements!$E:$E,$A13,movements!$D:$D,"ISSUE",movements!$C:$C,"<"&CM$1+1) -> 163 | CN13: =AVERAGE(B13:CM13) -> 128.62222 | CO13: =SUMIFS(movements!$H:$H,movements!$E:$E,$A13,movements!$D:$D,"ISSUE",movements!$C:$C,">="&$B$1,movements!$C:$C,"<"&($CM$1+1)) -> 369 | CP13: =IF(CN13=0,"无法计算",CO13/CN13) -> 2.8688666 | CQ13: =IF(CO13=0,"期间无出库",IF(CN13=0,"无法计算",90/CP13)) -> 31.371274
... A31: SKU030 | B31: =SUMIFS(movements!$H:$H,movements!$E:$E,$A31,movements!$D:$D,"OPENING",movements!$C:$C,"<"&B$1+1)+SUMIFS(movements!$H:$H,movements!$E:$E,$A31,movements!$D:$D,"RECEIPT",movements!$C:$C,"<"&B$1+1)-SUMIFS(movements!$H:$H,movements!$E:$E,$A31,movements!$D:$D,"ISSUE",movements!$C:$C,"<"&B$1+1) -> 240 | C31: =SUMIFS(movements!$H:$H,movements!$E:$E,$A31,movements!$D:$D,"OPENING",movements!$C:$C,"<"&C$1+1)+SUMIFS(movements!$H:$H,movements!$E:$E,$A31,movements!$D:$D,"RECEIPT",movements!$C:$C,"<"&C$1+1)-SUMIFS(movements!$H:$H,movements!$E:$E,$A31,movements!$D:$D,"ISSUE",movements!$C:$C,"<"&C$1+1) -> 240 | D31: =SUMIFS(movements!$H:$H,movements!$E:$E,$A31,movements!$D:$D,"OPENING",movements!$C:$C,"<"&D$1+1)+SUMIFS(movements!$H:$H,movements!$E:$E,$A31,movements!$D:$D,"RECEIPT",movements!$C:$C,"<"&D$1+1)-SUMIFS(movements!$H:$H,movements!$E:$E,$A31,movements!$D:$D,"ISSUE",movements!$C:$C,"<"&D$1+1) -> 240 | E31: =SUMIFS(movements!$H:$H,movements!$E:$E,$A31,movements!$D:$D,"OPENING",movements!$C:$C,"<"&E$1+1)+SUMIFS(movements!$H:$H,movements!$E:$E,$A31,movements!$D:$D,"RECEIPT",movements!$C:$C,"<"&E$1+1)-SUMIFS(movements!$H:$H,movements!$E:$E,$A31,movements!$D:$D,"ISSUE",movements!$C:$C,"<"&E$1+1) -> 240 | F31: =SUMIFS(movements!$H:$H,movements!$E:$E,$A31,movements!$D:$D,"OPENING",movements!$C:$C,"<"&F$1+1)+SUMIFS(movements!$H:$H,movements!$E:$E,$A31,movements!$D:$D,"RECEIPT",movements!$C:$C,"<"&F$1+1)-SUMIFS(movements!$H:$H,movements!$E:$E,$A31,movements!$D:$D,"ISSUE",movements!$C:$C,"<"&F$1+1) -> 240 | G31: =SUMIFS(movements!$H:$H,movements!$E:$E,$A31,movements!$D:$D,"OPENING",movements!$C:$C,"<"&G$1+1)+SUMIFS(movements!$H:$H,movements!$E:$E,$A31,movements!$D:$D,"RECEIPT",movements!$C:$C,"<"&G$1+1)-SUMIFS(movements!$H:$H,movements!$E:$E,$A31,movements!$D:$D,"ISSUE",movements!$C:$C,"<"&G$1+1) -> 240 | H31: =SUMIFS(movements!$H:$H,movements!$E:$E,$A31,movements!$D:$D,"OPENING",movements!$C:$C,"<"&H$1+1)+SUMIFS(movements!$H:$H,movements!$E:$E,$A31,movements!$D:$D,"RECEIPT",movements!$C:$C,"<"&H$1+1)-SUMIFS(movements!$H:$H,movements!$E:$E,$A31,movements!$D:$D,"ISSUE",movements!$C:$C,"<"&H$1+1) -> 240 | I31: =SUMIFS(movements!$H:$H,movements!$E:$E,$A31,movements!$D:$D,"OPENING",movements!$C:$C,"<"&I$1+1)+SUMIFS(movements!$H:$H,movements!$E:$E,$A31,movements!$D:$D,"RECEIPT",movements!$C:$C,"<"&I$1+1)-SUMIFS(movements!$H:$H,movements!$E:$E,$A31,movements!$D:$D,"ISSUE",movements!$C:$C,"<"&I$1+1) -> 240 | ... CM31: =SUMIFS(movements!$H:$H,movements!$E:$E,$A31,movements!$D:$D,"OPENING",movements!$C:$C,"<"&CM$1+1)+SUMIFS(movements!$H:$H,movements!$E:$E,$A31,movements!$D:$D,"RECEIPT",movements!$C:$C,"<"&CM$1+1)-SUMIFS(movements!$H:$H,movements!$E:$E,$A31,movements!$D:$D,"ISSUE",movements!$C:$C,"<"&CM$1+1) -> 240 | CN31: =AVERAGE(B31:CM31) -> 240 | CO31: =SUMIFS(movements!$H:$H,movements!$E:$E,$A31,movements!$D:$D,"ISSUE",movements!$C:$C,">="&$B$1,movements!$C:$C,"<"&($CM$1+1)) -> 0 | CP31: =IF(CN31=0,"无法计算",CO31/CN31) -> 0 | CQ31: =IF(CO31=0,"期间无出库",IF(CN31=0,"无法计算",90/CP31)) -> 期间无出库

Sheet 库存汇总
C6: 统计日期：2026-09-06 | D6: 金额单位：元
C7: 行标签 | D7: 求和项:库存金额
C8: 冻结待检 | D8: 2315.39
C9: 临期 | D9: 4384.34
C10: 无库存 | D10: 0
C11: 已到期/过期 | D11: 2324
C12: 正常 | D12: 141932.52
C13: 总计 | D13: 150956.25

Sheet 批次库存
A1: 批次编号 | B1: SKU | C1: 商品名称 | D1: 货位 | E1: 到期日 | F1: 质量状态 | G1: 期初数量 | H1: 入库数量 | I1: 出库数量 | J1: 期末库存 | K1: 单价 | L1: 库存金额 | M1: 剩余有效天数 | N1: 临期预警天数 | O1: 库存状态 | P1: 可出库数量
A2: B0001 | B2: =VLOOKUP(A2,batches!A:B,2,0) -> SKU001 | C2: =VLOOKUP(批次库存!B2,products!A:B,2,0) -> 茉莉绿茶 | D2: =VLOOKUP(A2,batches!A:C,3,0) -> L001 | E2: =VLOOKUP(A2,batches!A:E,5,0) -> 46282 | F2: =VLOOKUP(A2,batches!A:G,7,0) -> RELEASED | G2: =SUMIFS(movements!H:H,movements!F:F,批次库存!A2,movements!D:D,"OPENING") -> 80 | H2: =SUMIFS(movements!H:H,movements!F:F,批次库存!A2,movements!D:D,"RECEIPT") -> 0 | I2: =SUMIFS(movements!H:H,movements!F:F,批次库存!A2,movements!D:D,"ISSUE") -> 80 | J2: =G2+H2-I2 -> 0 | K2: =VLOOKUP(表2[[#This Row],[SKU]],products!A:F,6,0) -> 79.76 | L2: =J2*表2[[#This Row],[单价]] -> 0 | M2: =E2-DATE(2026,9,6) -> 11 | N2: =VLOOKUP(表2[[#This Row],[SKU]],products!A:H,8,0) -> 30 | O2: =IF(表2[[#This Row],[期末库存]]=0,"无库存",IF(表2[[#This Row],[剩余有效天数]]<=0,"已到期/过期",IF(表2[[#This Row],[质量状态]]="HOLD","冻结待检",IF(表2[[#This Row],[剩余有效天数]]<=表2[[#This Row],[临期预警天数]],"临期","正常")))) -> 无库存 | P2: =IF(AND(F2="RELEASED",M2>0),J2,0) -> 0
A3: B0002 | B3: =VLOOKUP(A3,batches!A:B,2,0) -> SKU002 | C3: =VLOOKUP(批次库存!B3,products!A:B,2,0) -> 红茶 | D3: =VLOOKUP(A3,batches!A:C,3,0) -> L002 | E3: =VLOOKUP(A3,batches!A:E,5,0) -> 46252 | F3: =VLOOKUP(A3,batches!A:G,7,0) -> RELEASED | G3: =SUMIFS(movements!H:H,movements!F:F,批次库存!A3,movements!D:D,"OPENING") -> 80 | H3: =SUMIFS(movements!H:H,movements!F:F,批次库存!A3,movements!D:D,"RECEIPT") -> 0 | I3: =SUMIFS(movements!H:H,movements!F:F,批次库存!A3,movements!D:D,"ISSUE") -> 80 | J3: =G3+H3-I3 -> 0 | K3: =VLOOKUP(表2[[#This Row],[SKU]],products!A:F,6,0) -> 78.48 | L3: =J3*表2[[#This Row],[单价]] -> 0 | M3: =E3-DATE(2026,9,6) -> -19 | N3: =VLOOKUP(表2[[#This Row],[SKU]],products!A:H,8,0) -> 30 | O3: =IF(表2[[#This Row],[期末库存]]=0,"无库存",IF(表2[[#This Row],[剩余有效天数]]<=0,"已到期/过期",IF(表2[[#This Row],[质量状态]]="HOLD","冻结待检",IF(表2[[#This Row],[剩余有效天数]]<=表2[[#This Row],[临期预警天数]],"临期","正常")))) -> 无库存 | P3: =IF(AND(F3="RELEASED",M3>0),J3,0) -> 0
A4: B0003 | B4: =VLOOKUP(A4,batches!A:B,2,0) -> SKU003 | C4: =VLOOKUP(批次库存!B4,products!A:B,2,0) -> 乌龙茶 | D4: =VLOOKUP(A4,batches!A:C,3,0) -> L003 | E4: =VLOOKUP(A4,batches!A:E,5,0) -> 46252 | F4: =VLOOKUP(A4,batches!A:G,7,0) -> RELEASED | G4: =SUMIFS(movements!H:H,movements!F:F,批次库存!A4,movements!D:D,"OPENING") -> 80 | H4: =SUMIFS(movements!H:H,movements!F:F,批次库存!A4,movements!D:D,"RECEIPT") -> 0 | I4: =SUMIFS(movements!H:H,movements!F:F,批次库存!A4,movements!D:D,"ISSUE") -> 80 | J4: =G4+H4-I4 -> 0 | K4: =VLOOKUP(表2[[#This Row],[SKU]],products!A:F,6,0) -> 41.99 | L4: =J4*表2[[#This Row],[单价]] -> 0 | M4: =E4-DATE(2026,9,6) -> -19 | N4: =VLOOKUP(表2[[#This Row],[SKU]],products!A:H,8,0) -> 30 | O4: =IF(表2[[#This Row],[期末库存]]=0,"无库存",IF(表2[[#This Row],[剩余有效天数]]<=0,"已到期/过期",IF(表2[[#This Row],[质量状态]]="HOLD","冻结待检",IF(表2[[#This Row],[剩余有效天数]]<=表2[[#This Row],[临期预警天数]],"临期","正常")))) -> 无库存 | P4: =IF(AND(F4="RELEASED",M4>0),J4,0) -> 0
A5: B0004 | B5: =VLOOKUP(A5,batches!A:B,2,0) -> SKU004 | C5: =VLOOKUP(批次库存!B5,products!A:B,2,0) -> 四季春茶 | D5: =VLOOKUP(A5,batches!A:C,3,0) -> L004 | E5: =VLOOKUP(A5,batches!A:E,5,0) -> 46282 | F5: =VLOOKUP(A5,batches!A:G,7,0) -> RELEASED | G5: =SUMIFS(movements!H:H,movements!F:F,批次库存!A5,movements!D:D,"OPENING") -> 80 | H5: =SUMIFS(movements!H:H,movements!F:F,批次库存!A5,movements!D:D,"RECEIPT") -> 0 | I5: =SUMIFS(movements!H:H,movements!F:F,批次库存!A5,movements!D:D,"ISSUE") -> 80 | J5: =G5+H5-I5 -> 0 | K5: =VLOOKUP(表2[[#This Row],[SKU]],products!A:F,6,0) -> 70.39 | L5: =J5*表2[[#This Row],[单价]] -> 0 | M5: =E5-DATE(2026,9,6) -> 11 | N5: =VLOOKUP(表2[[#This Row],[SKU]],products!A:H,8,0) -> 30 | O5: =IF(表2[[#This Row],[期末库存]]=0,"无库存",IF(表2[[#This Row],[剩余有效天数]]<=0,"已到期/过期",IF(表2[[#This Row],[质量状态]]="HOLD","冻结待检",IF(表2[[#This Row],[剩余有效天数]]<=表2[[#This Row],[临期预警天数]],"临期","正常")))) -> 无库存 | P5: =IF(AND(F5="RELEASED",M5>0),J5,0) -> 0
A6: B0005 | B6: =VLOOKUP(A6,batches!A:B,2,0) -> SKU005 | C6: =VLOOKUP(批次库存!B6,products!A:B,2,0) -> 桂花乌龙 | D6: =VLOOKUP(A6,batches!A:C,3,0) -> L005 | E6: =VLOOKUP(A6,batches!A:E,5,0) -> 46227 | F6: =VLOOKUP(A6,batches!A:G,7,0) -> RELEASED | G6: =SUMIFS(movements!H:H,movements!F:F,批次库存!A6,movements!D:D,"OPENING") -> 80 | H6: =SUMIFS(movements!H:H,movements!F:F,批次库存!A6,movements!D:D,"RECEIPT") -> 0 | I6: =SUMIFS(movements!H:H,movements!F:F,批次库存!A6,movements!D:D,"ISSUE") -> 80 | J6: =G6+H6-I6 -> 0 | K6: =VLOOKUP(表2[[#This Row],[SKU]],products!A:F,6,0) -> 56.61 | L6: =J6*表2[[#This Row],[单价]] -> 0 | M6: =E6-DATE(2026,9,6) -> -44 | N6: =VLOOKUP(表2[[#This Row],[SKU]],products!A:H,8,0) -> 30 | O6: =IF(表2[[#This Row],[期末库存]]=0,"无库存",IF(表2[[#This Row],[剩余有效天数]]<=0,"已到期/过期",IF(表2[[#This Row],[质量状态]]="HOLD","冻结待检",IF(表2[[#This Row],[剩余有效天数]]<=表2[[#This Row],[临期预警天数]],"临期","正常")))) -> 无库存 | P6: =IF(AND(F6="RELEASED",M6>0),J6,0) -> 0
A7: B0006 | B7: =VLOOKUP(A7,batches!A:B,2,0) -> SKU006 | C7: =VLOOKUP(批次库存!B7,products!A:B,2,0) -> 焙火乌龙 | D7: =VLOOKUP(A7,batches!A:C,3,0) -> L006 | E7: =VLOOKUP(A7,batches!A:E,5,0) -> 46362 | F7: =VLOOKUP(A7,batches!A:G,7,0) -> RELEASED | G7: =SUMIFS(movements!H:H,movements!F:F,批次库存!A7,movements!D:D,"OPENING") -> 80 | H7: =SUMIFS(movements!H:H,movements!F:F,批次库存!A7,movements!D:D,"RECEIPT") -> 0 | I7: =SUMIFS(movements!H:H,movements!F:F,批次库存!A7,movements!D:D,"ISSUE") -> 80 | J7: =G7+H7-I7 -> 0 | K7: =VLOOKUP(表2[[#This Row],[SKU]],products!A:F,6,0) -> 30.07 | L7: =J7*表2[[#This Row],[单价]] -> 0 | M7: =E7-DATE(2026,9,6) -> 91 | N7: =VLOOKUP(表2[[#This Row],[SKU]],products!A:H,8,0) -> 30 | O7: =IF(表2[[#This Row],[期末库存]]=0,"无库存",IF(表2[[#This Row],[剩余有效天数]]<=0,"已到期/过期",IF(表2[[#This Row],[质量状态]]="HOLD","冻结待检",IF(表2[[#This Row],[剩余有效天数]]<=表2[[#This Row],[临期预警天数]],"临期","正常")))) -> 无库存 | P7: =IF(AND(F7="RELEASED",M7>0),J7,0) -> 0
A8: B0007 | B8: =VLOOKUP(A8,batches!A:B,2,0) -> SKU007 | C8: =VLOOKUP(批次库存!B8,products!A:B,2,0) -> 白桃乌龙 | D8: =VLOOKUP(A8,batches!A:C,3,0) -> L007 | E8: =VLOOKUP(A8,batches!A:E,5,0) -> 46282 | F8: =VLOOKUP(A8,batches!A:G,7,0) -> RELEASED | G8: =SUMIFS(movements!H:H,movements!F:F,批次库存!A8,movements!D:D,"OPENING") -> 80 | H8: =SUMIFS(movements!H:H,movements!F:F,批次库存!A8,movements!D:D,"RECEIPT") -> 0 | I8: =SUMIFS(movements!H:H,movements!F:F,批次库存!A8,movements!D:D,"ISSUE") -> 80 | J8: =G8+H8-I8 -> 0 | K8: =VLOOKUP(表2[[#This Row],[SKU]],products!A:F,6,0) -> 30.79 | L8: =J8*表2[[#This Row],[单价]] -> 0 | M8: =E8-DATE(2026,9,6) -> 11 | N8: =VLOOKUP(表2[[#This Row],[SKU]],products!A:H,8,0) -> 30 | O8: =IF(表2[[#This Row],[期末库存]]=0,"无库存",IF(表2[[#This Row],[剩余有效天数]]<=0,"已到期/过期",IF(表2[[#This Row],[质量状态]]="HOLD","冻结待检",IF(表2[[#This Row],[剩余有效天数]]<=表2[[#This Row],[临期预警天数]],"临期","正常")))) -> 无库存 | P8: =IF(AND(F8="RELEASED",M8>0),J8,0) -> 0
A9: B0008 | B9: =VLOOKUP(A9,batches!A:B,2,0) -> SKU008 | C9: =VLOOKUP(批次库存!B9,products!A:B,2,0) -> 普洱茶 | D9: =VLOOKUP(A9,batches!A:C,3,0) -> L008 | E9: =VLOOKUP(A9,batches!A:E,5,0) -> 46227 | F9: =VLOOKUP(A9,batches!A:G,7,0) -> RELEASED | G9: =SUMIFS(movements!H:H,movements!F:F,批次库存!A9,movements!D:D,"OPENING") -> 80 | H9: =SUMIFS(movements!H:H,movements!F:F,批次库存!A9,movements!D:D,"RECEIPT") -> 0 | I9: =SUMIFS(movements!H:H,movements!F:F,批次库存!A9,movements!D:D,"ISSUE") -> 80 | J9: =G9+H9-I9 -> 0 | K9: =VLOOKUP(表2[[#This Row],[SKU]],products!A:F,6,0) -> 72.54 | L9: =J9*表2[[#This Row],[单价]] -> 0 | M9: =E9-DATE(2026,9,6) -> -44 | N9: =VLOOKUP(表2[[#This Row],[SKU]],products!A:H,8,0) -> 30 | O9: =IF(表2[[#This Row],[期末库存]]=0,"无库存",IF(表2[[#This Row],[剩余有效天数]]<=0,"已到期/过期",IF(表2[[#This Row],[质量状态]]="HOLD","冻结待检",IF(表2[[#This Row],[剩余有效天数]]<=表2[[#This Row],[临期预警天数]],"临期","正常")))) -> 无库存 | P9: =IF(AND(F9="RELEASED",M9>0),J9,0) -> 0
A10: B0009 | B10: =VLOOKUP(A10,batches!A:B,2,0) -> SKU009 | C10: =VLOOKUP(批次库存!B10,products!A:B,2,0) -> 龙井茶 | D10: =VLOOKUP(A10,batches!A:C,3,0) -> L009 | E10: =VLOOKUP(A10,batches!A:E,5,0) -> 46282 | F10: =VLOOKUP(A10,batches!A:G,7,0) -> RELEASED | G10: =SUMIFS(movements!H:H,movements!F:F,批次库存!A10,movements!D:D,"OPENING") -> 80 | H10: =SUMIFS(movements!H:H,movements!F:F,批次库存!A10,movements!D:D,"RECEIPT") -> 0 | I10: =SUMIFS(movements!H:H,movements!F:F,批次库存!A10,movements!D:D,"ISSUE") -> 80 | J10: =G10+H10-I10 -> 0 | K10: =VLOOKUP(表2[[#This Row],[SKU]],products!A:F,6,0) -> 21.12 | L10: =J10*表2[[#This Row],[单价]] -> 0 | M10: =E10-DATE(2026,9,6) -> 11 | N10: =VLOOKUP(表2[[#This Row],[SKU]],products!A:H,8,0) -> 30 | O10: =IF(表2[[#This Row],[期末库存]]=0,"无库存",IF(表2[[#This Row],[剩余有效天数]]<=0,"已到期/过期",IF(表2[[#This Row],[质量状态]]="HOLD","冻结待检",IF(表2[[#This Row],[剩余有效天数]]<=表2[[#This Row],[临期预警天数]],"临期","正常")))) -> 无库存 | P10: =IF(AND(F10="RELEASED",M10>0),J10,0) -> 0
A11: B0010 | B11: =VLOOKUP(A11,batches!A:B,2,0) -> SKU010 | C11: =VLOOKUP(批次库存!B11,products!A:B,2,0) -> 栀子绿茶 | D11: =VLOOKUP(A11,batches!A:C,3,0) -> L010 | E11: =VLOOKUP(A11,batches!A:E,5,0) -> 46242 | F11: =VLOOKUP(A11,batches!A:G,7,0) -> RELEASED | G11: =SUMIFS(movements!H:H,movements!F:F,批次库存!A11,movements!D:D,"OPENING") -> 80 | H11: =SUMIFS(movements!H:H,movements!F:F,批次库存!A11,movements!D:D,"RECEIPT") -> 0 | I11: =SUMIFS(movements!H:H,movements!F:F,批次库存!A11,movements!D:D,"ISSUE") -> 0 | J11: =G11+H11-I11 -> 80 | K11: =VLOOKUP(表2[[#This Row],[SKU]],products!A:F,6,0) -> 29.05 | L11: =J11*表2[[#This Row],[单价]] -> 2324 | M11: =E11-DATE(2026,9,6) -> -29 | N11: =VLOOKUP(表2[[#This Row],[SKU]],products!A:H,8,0) -> 30 | O11: =IF(表2[[#This Row],[期末库存]]=0,"无库存",IF(表2[[#This Row],[剩余有效天数]]<=0,"已到期/过期",IF(表2[[#This Row],[质量状态]]="HOLD","冻结待检",IF(表2[[#This Row],[剩余有效天数]]<=表2[[#This Row],[临期预警天数]],"临期","正常")))) -> 已到期/过期 | P11: =IF(AND(F11="RELEASED",M11>0),J11,0) -> 0
A12: B0011 | B12: =VLOOKUP(A12,batches!A:B,2,0) -> SKU011 | C12: =VLOOKUP(批次库存!B12,products!A:B,2,0) -> 原味糖浆 | D12: =VLOOKUP(A12,batches!A:C,3,0) -> L011 | E12: =VLOOKUP(A12,batches!A:E,5,0) -> 46362 | F12: =VLOOKUP(A12,batches!A:G,7,0) -> RELEASED | G12: =SUMIFS(movements!H:H,movements!F:F,批次库存!A12,movements!D:D,"OPENING") -> 80 | H12: =SUMIFS(movements!H:H,movements!F:F,批次库存!A12,movements!D:D,"RECEIPT") -> 0 | I12: =SUMIFS(movements!H:H,movements!F:F,批次库存!A12,movements!D:D,"ISSUE") -> 80 | J12: =G12+H12-I12 -> 0 | K12: =VLOOKUP(表2[[#This Row],[SKU]],products!A:F,6,0) -> 24.06 | L12: =J12*表2[[#This Row],[单价]] -> 0 | M12: =E12-DATE(2026,9,6) -> 91 | N12: =VLOOKUP(表2[[#This Row],[SKU]],products!A:H,8,0) -> 30 | O12: =IF(表2[[#This Row],[期末库存]]=0,"无库存",IF(表2[[#This Row],[剩余有效天数]]<=0,"已到期/过期",IF(表2[[#This Row],[质量状态]]="HOLD","冻结待检",IF(表2[[#This Row],[剩余有效天数]]<=表2[[#This Row],[临期预警天数]],"临期","正常")))) -> 无库存 | P12: =IF(AND(F12="RELEASED",M12>0),J12,0) -> 0
A13: B0012 | B13: =VLOOKUP(A13,batches!A:B,2,0) -> SKU012 | C13: =VLOOKUP(批次库存!B13,products!A:B,2,0) -> 黑糖糖浆 | D13: =VLOOKUP(A13,batches!A:C,3,0) -> L012 | E13: =VLOOKUP(A13,batches!A:E,5,0) -> 46252 | F13: =VLOOKUP(A13,batches!A:G,7,0) -> RELEASED | G13: =SUMIFS(movements!H:H,movements!F:F,批次库存!A13,movements!D:D,"OPENING") -> 80 | H13: =SUMIFS(movements!H:H,movements!F:F,批次库存!A13,movements!D:D,"RECEIPT") -> 0 | I13: =SUMIFS(movements!H:H,movements!F:F,批次库存!A13,movements!D:D,"ISSUE") -> 80 | J13: =G13+H13-I13 -> 0 | K13: =VLOOKUP(表2[[#This Row],[SKU]],products!A:F,6,0) -> 77.96 | L13: =J13*表2[[#This Row],[单价]] -> 0 | M13: =E13-DATE(2026,9,6) -> -19 | N13: =VLOOKUP(表2[[#This Row],[SKU]],products!A:H,8,0) -> 30 | O13: =IF(表2[[#This Row],[期末库存]]=0,"无库存",IF(表2[[#This Row],[剩余有效天数]]<=0,"已到期/过期",IF(表2[[#This Row],[质量状态]]="HOLD","冻结待检",IF(表2[[#This Row],[剩余有效天数]]<=表2[[#This Row],[临期预警天数]],"临期","正常")))) -> 无库存 | P13: =IF(AND(F13="RELEASED",M13>0),J13,0) -> 0
... A225: B0224 | B225: =VLOOKUP(A225,batches!A:B,2,0) -> SKU028 | C225: =VLOOKUP(批次库存!B225,products!A:B,2,0) -> 双杯袋 | D225: =VLOOKUP(A225,batches!A:C,3,0) -> L028 | E225: =VLOOKUP(A225,batches!A:E,5,0) -> 46631 | F225: =VLOOKUP(A225,batches!A:G,7,0) -> RELEASED | G225: =SUMIFS(movements!H:H,movements!F:F,批次库存!A225,movements!D:D,"OPENING") -> 0 | H225: =SUMIFS(movements!H:H,movements!F:F,批次库存!A225,movements!D:D,"RECEIPT") -> 66 | I225: =SUMIFS(movements!H:H,movements!F:F,批次库存!A225,movements!D:D,"ISSUE") -> 0 | J225: =G225+H225-I225 -> 66 | K225: =VLOOKUP(表2[[#This Row],[SKU]],products!A:F,6,0) -> 55.53 | L225: =J225*表2[[#This Row],[单价]] -> 3664.98 | M225: =E225-DATE(2026,9,6) -> 360 | N225: =VLOOKUP(表2[[#This Row],[SKU]],products!A:H,8,0) -> 60 | O225: =IF(表2[[#This Row],[期末库存]]=0,"无库存",IF(表2[[#This Row],[剩余有效天数]]<=0,"已到期/过期",IF(表2[[#This Row],[质量状态]]="HOLD","冻结待检",IF(表2[[#This Row],[剩余有效天数]]<=表2[[#This Row],[临期预警天数]],"临期","正常")))) -> 正常 | P225: =IF(AND(F225="RELEASED",M225>0),J225,0) -> 66
